Country Name,Country Code,2000,2001,2002,2003,2004,2005,2006,2007,2008,2009,2010,2011,2012,2013,2014,2015,2016
Aruba,ABW,26.19487524,25.93402441,25.67116178,26.42045209,26.51729342,27.20070778,26.94826047,27.895574,26.23084664,25.91583295,24.67052887,24.5058352,13.15554169,8.351294252,8.408362638,,
Afghanistan,AFG,0.03850634,0.039002334,0.048715548,0.0518296,0.039377828,0.052948215,0.063728472,0.085417506,0.154101422,0.241722682,0.293836994,0.412016938,0.350370581,0.315601773,0.299444991,,
Angola,AGO,0.580352661,0.573047493,0.720768849,0.497975073,0.996165478,0.979740026,1.098883898,1.197843982,1.181526759,1.232494515,1.243405585,1.252789255,1.330843018,1.254617218,1.291328315,,
Albania,ALB,0.978174681,1.053304176,1.229540709,1.412697196,1.376212735,1.412498211,1.302576367,1.322334855,1.484311139,1.495600199,1.578573584,1.803714725,1.692908325,1.749211079,1.978763312,,
Andorra,AND,8.019284294,7.786950001,7.590615141,7.315760706,7.358624941,7.299871936,6.746218716,6.519465912,6.427886622,6.121652341,6.122594702,5.867129945,5.916596911,5.900752587,5.832169951,,
Arab World,ARB,3.684441272,3.590302965,3.588035581,3.779889011,4.051465169,4.168486256,4.268239866,4.100226273,4.390401434,4.542151451,4.615758201,4.537755236,4.813630727,4.650474168,4.860233832,,
United Arab Emirates,ARE,35.67825923,30.49115342,24.15124891,28.55255307,27.70120802,25.36237265,23.63108943,22.43980121,22.82394719,21.90855608,19.44369027,19.07648878,19.81768422,18.95416379,23.30202251,,
Argentina,ARG,3.835573665,3.568599866,3.291547735,3.52558427,4.06905838,4.141236814,4.434821452,4.382668884,4.682912395,4.410889894,4.558499612,4.600290699,4.569383676,4.462903755,4.746797455,,
Armenia,ARM,1.128918604,1.161167684,1.003201493,1.136138307,1.214751524,1.460030477,1.481177962,1.726570171,1.911537642,1.509411878,1.465621895,1.710070765,1.976060074,1.899711734,1.90275891,,
Antigua and Barbuda,ATG,4.123971095,4.09566526,4.293313704,4.620874526,4.778147909,4.806998084,4.913644367,5.136472571,5.194500314,5.446757355,5.539567509,5.363407474,5.418446532,5.360453467,5.377648546,,
Australia,AUS,17.20060983,16.73336743,17.37045177,16.90195895,17.02651535,17.16971145,17.65139831,17.86526004,18.16087566,18.20018196,17.74084505,17.53887776,17.07681906,16.10333614,15.39859985,,
Austria,AUT,7.774259739,8.192769898,8.299115796,8.889562334,8.858363703,9.020169598,8.727297872,8.406418936,8.295095978,7.518751102,8.071131802,7.748134305,7.387077163,7.369137466,6.87371322,,
Azerbaijan,AZE,3.666271029,3.547105484,3.623944346,3.718169927,3.863229639,4.091801927,4.616299863,3.5553401,4.051383481,3.565668218,3.388225879,3.646179877,3.82487717,3.785068836,3.931560609,,
Burundi,BDI,0.042395011,0.031323575,0.031548442,0.023205146,0.027569697,0.020747407,0.024365963,0.023555045,0.023219419,0.022462399,0.024260032,0.02676196,0.030296973,0.03017577,0.044485376,,
Belgium,BEL,11.2296677,11.13371551,10.3854951,10.88211417,10.66129022,10.35539299,10.151039,9.744777191,9.751984809,9.249615685,10.17146522,9.046560547,8.546478214,8.671352487,8.328159898,,
Benin,BEN,0.232860969,0.256497596,0.285000234,0.313037269,0.323642156,0.299985405,0.471267009,0.531738987,0.507237393,0.521063185,0.553283259,0.559693354,0.562347006,0.580960914,0.614213852,,
Burkina Faso,BFA,0.089716851,0.083504269,0.081733493,0.085194017,0.084705971,0.083875344,0.098375847,0.115526282,0.130556622,0.127633338,0.125717252,0.137496219,0.158663009,0.179132409,0.162018806,,
Bangladesh,BGD,0.211802225,0.242020016,0.246756218,0.25660216,0.266823041,0.275246594,0.299529173,0.301630726,0.332727819,0.357158767,0.393936699,0.412011186,0.433487963,0.442400828,0.459141965,,
Bulgaria,BGR,5.328034342,5.800066474,5.695266947,6.084370085,6.064891808,6.256282044,6.445333272,6.925435282,6.772087541,5.731193724,5.964900206,6.71538056,6.119456526,5.450695963,5.871615869,,
Bahrain,BHR,28.05091075,19.96600382,21.35410421,21.14840679,21.10015931,21.60193124,19.64708884,25.91595737,26.70821199,23.81170841,23.5854809,22.41333475,20.51485098,23.80435697,23.44975483,,
"Bahamas, The",BHS,5.60101044,5.17748198,5.100353542,4.808098915,5.343724227,5.290297009,4.957323646,4.938208385,4.290906171,4.629528598,4.583343495,5.091832893,5.292937031,7.426540134,6.323257512,,
Bosnia and Herzegovina,BIH,3.66047151,3.543235673,3.787614144,3.833651783,4.128334876,4.285163148,4.647460965,4.677514043,5.35493606,5.526103005,5.716134832,6.475389585,6.101280083,6.080813337,6.234719162,,
Belarus,BLR,5.389745291,5.314049012,5.311929657,5.464145912,5.977157999,6.122471586,6.462446658,6.330314039,6.623163555,6.439684267,6.64269666,6.762517349,6.67999159,6.736652251,6.701957705,,
Belize,BLZ,1.601342418,1.754517931,1.650252092,1.607795489,1.421168536,1.48866657,1.526093133,1.597516144,1.425287018,1.868957631,1.676105694,1.82686092,1.415825911,1.491598897,1.407601494,,
Bermuda,BMU,8.36199117,8.448227313,8.85974059,8.859865772,9.147364292,9.088334321,10.11617563,11.24603933,9.943759288,7.262934975,9.347122413,6.872359209,7.356862866,7.051814587,8.838314988,,
Bolivia,BOL,1.327056787,1.014681791,1.201378773,1.259040432,1.239406557,1.335330942,1.621906742,1.30616895,1.37896562,1.433545061,1.532870644,1.602029322,1.835469055,1.818997383,1.932419499,,
Brazil,BRA,1.871118313,1.898353874,1.844379611,1.762482362,1.828671981,1.858087992,1.839393859,1.901371917,2.008670258,1.883811784,2.132937571,2.211587235,2.343570115,2.488417184,2.594388285,,
Barbados,BRB,4.402894974,4.511188282,4.525025969,4.660219351,4.739998755,4.938242904,4.986412836,4.93979359,5.844583314,5.807257514,5.285997375,5.449513722,5.222107001,5.127146392,4.490177673,,
Brunei Darussalam,BRN,14.14020184,13.25056672,12.62269977,12.99158717,13.90208971,13.70764162,13.13286158,22.45018193,24.04688439,20.48624704,21.10594553,24.60717794,24.18076388,19.23359197,22.12470124,,
Bhutan,BTN,0.690660881,0.653044437,0.689377786,0.605839592,0.481081773,0.603125919,0.583684405,0.571168834,0.601619231,0.544051575,0.67026322,0.990398509,1.086025018,1.203220818,1.289321371,,
Botswana,BWA,2.187461379,2.194012884,2.235280932,2.121745415,2.130846266,2.207093561,2.195251343,2.210450822,2.315483179,1.900285977,2.325924404,2.036091061,2.025409285,2.456718254,3.243287637,,
Central African Republic,CAF,0.07128948,0.064111687,0.062874461,0.058942176,0.057875688,0.056853953,0.059345636,0.059175593,0.058227969,0.057449997,0.059350908,0.0622615,0.06533025,0.06601109,0.066593111,,
Canada,CAN,17.36711469,16.98502952,16.55937785,17.46119914,17.25891114,17.25108328,16.69669436,16.85588274,16.87519788,15.96156016,15.723167,15.63975962,14.89063564,14.71068248,15.1132392,,
Central Europe and the Baltics,CEB,6.606420234,6.822125501,6.75654044,6.997372921,6.923880599,6.97931376,7.243359955,7.271122792,7.148695308,6.50781501,6.8200423,6.864349465,6.504366995,6.344838262,6.14888254,,
Switzerland,CHE,5.435484985,5.93984844,5.586512817,5.474267138,5.46256894,5.558350382,5.592175318,5.03057402,5.283044324,5.377973641,4.983428945,4.672038363,4.723574287,4.972835876,4.311562994,,
Chile,CHL,3.853499375,3.453563552,3.530720028,3.519261571,3.742118302,3.828453643,3.971510482,4.343916544,4.312294329,3.969555616,4.251715171,4.619729537,4.677982797,4.76586599,4.687376624,,
China,CHN,2.696862433,2.742120813,3.007083197,3.524074093,4.037990651,4.523178064,4.980314197,5.334909929,5.701915025,6.010102433,6.560520007,7.241515419,7.424750916,7.557211045,7.543907641,,
Cote d'Ivoire,CIV,0.406991231,0.453421366,0.419561908,0.308844016,0.425832957,0.426769671,0.374162963,0.355057998,0.347554665,0.283812055,0.341512032,0.346951476,0.434007998,0.486455715,0.490206046,,
Cameroon,CMR,0.224712545,0.218308253,0.212475488,0.229828383,0.23330822,0.212179525,0.215723212,0.317155402,0.293251264,0.346083304,0.33951502,0.281094803,0.290648216,0.312755732,0.314928068,,
"Congo, Dem. Rep.",COD,0.017292618,0.017276319,0.018616172,0.019194831,0.022610101,0.027392924,0.028470592,0.030067893,0.030794399,0.028027156,0.031314551,0.037377088,0.034820686,0.050339213,0.063369191,,
"Congo, Rep.",COG,0.325124228,0.231136261,0.168972288,0.261740193,0.263422291,0.264306556,0.291079843,0.305257019,0.318099788,0.410345599,0.451406105,0.50055554,0.641061363,0.649833428,0.635369293,,
Colombia,COL,1.433620241,1.372902655,1.338899634,1.362244907,1.288989699,1.407985384,1.435824144,1.40690202,1.516403445,1.599905659,1.658923082,1.64912349,1.705398582,1.893103161,1.759537174,,
Comoros,COM,0.189314418,0.184706272,0.180298132,0.226353755,0.239461311,0.227828399,0.257569541,0.160026184,0.161805094,0.196081111,0.233942107,0.192025124,0.197567789,0.237378287,0.202814119,,
Cabo Verde,CPV,0.497272909,0.528914892,0.60831973,0.669412166,0.705698963,0.927245257,0.983876704,1.040309351,0.954553682,1.055171109,1.109478009,1.212548739,0.984565517,0.958866077,0.933403237,,
Costa Rica,CRI,1.394703986,1.441368065,1.556794835,1.605990202,1.655258443,1.616889851,1.647633189,1.858899789,1.835359367,1.760677795,1.665175303,1.682660743,1.668780062,1.614402173,1.630951062,,
Caribbean small states,CSS,6.506692171,6.924531595,7.040816801,7.567341291,7.776927815,8.392102287,9.147516071,9.293786903,9.188087709,8.915001641,9.27710945,9.143734221,8.886377531,9.138025489,8.884541385,,
Cuba,CUB,2.339161379,2.275291775,2.325789771,2.266421577,2.21934889,2.304659777,2.426221024,2.370445059,2.691785692,2.641408453,3.386127443,3.169444662,3.176608348,3.049362141,3.045210624,,
Curacao,CUW,,,,,,,,,,,,,39.44566304,33.89940321,37.72628905,,
Cayman Islands,CYM,11.17156428,10.83608828,10.90149314,10.75530112,9.768536333,9.728990992,9.674881573,11.11147369,11.01638136,10.2688701,10.04168844,10.36992524,9.307268397,9.172054616,9.171838032,,
Cyprus,CYP,7.347326262,7.129456764,7.187870407,7.798570398,7.258439643,7.300757645,7.449680491,7.704853381,7.930294398,7.386924038,6.927903563,6.60156823,6.096256416,5.199663256,5.260352041,,
Czech Republic,CZE,12.07688904,12.10978725,11.7437029,11.97368903,11.4518445,11.76245004,11.92582928,11.97251522,11.23377283,10.30832179,10.65257862,10.18548225,9.611985879,9.384891603,9.165978376,,
Germany,DEU,10.09563988,10.3662867,10.0586725,9.969354525,9.898682369,9.666372234,9.911476012,9.488039888,9.506321178,8.818595562,9.279634012,9.12485921,9.199299757,9.39062342,8.889370395,,
Djibouti,DJI,0.475248891,0.500470172,0.535636226,0.555888033,0.528103722,0.529037834,0.515825011,0.57084366,0.606017007,0.552127049,0.607471574,0.546278771,0.586763279,0.678855968,0.791961752,,
Dominica,DMA,1.473620759,1.579015358,1.47049725,1.674118671,1.615211924,1.661460914,1.605448614,2.170739958,1.857388074,1.853346249,1.950531915,1.789578627,1.883279662,1.823370166,1.864285911,,
Denmark,DNK,9.613175554,9.875092348,9.68193193,10.38827349,9.362701019,8.690076931,10.11291416,9.20201511,8.543351098,8.058895601,8.40721667,7.296383208,6.514800847,6.862565032,5.935712482,,
Dominican Republic,DOM,2.311301258,2.278507636,2.415109906,2.399070559,2.011351755,2.017778384,2.111060875,2.227743225,2.149242258,2.070810108,2.123958664,2.117090045,2.178544552,2.085432517,2.069986634,,
Algeria,DZA,2.817543547,2.665851517,2.810044593,2.826112964,2.69593129,3.22268315,2.992187469,3.189641475,3.161381458,3.423011434,3.299703688,3.291376176,3.46026581,3.507310029,3.717409901,,
East Asia & Pacific (excluding high income),EAP,2.314714713,2.372122397,2.564652904,2.946380756,3.325951746,3.665266934,3.96932251,4.224755388,4.506350811,4.730109785,5.110046852,5.646130738,5.777982902,5.795473671,5.78066541,,
Early-demographic dividend,EAR,1.712683475,1.704119195,1.706719271,1.766189603,1.82596423,1.859521307,1.931014576,1.976617269,2.0801922,2.129049547,2.120265795,2.201766916,2.296320338,2.211199457,2.295599935,,
East Asia & Pacific,EAS,3.202506771,3.238781216,3.428443775,3.766955926,4.124040901,4.402045568,4.674995214,4.92257214,5.158881614,5.309028481,5.705764095,6.194419779,6.311753964,6.335395945,6.29865701,,
Europe & Central Asia (excluding high income),ECA,6.831223163,6.838476983,6.887872075,7.190673434,7.264795917,7.305776955,7.574021399,7.671985671,7.78760803,7.057223437,7.520215215,7.846975875,7.957457609,7.694491985,7.385524817,,
Europe & Central Asia,ECS,7.604236028,7.689722331,7.66123339,7.862515971,7.889590045,7.868362616,7.999938685,7.936460406,7.890886648,7.216633338,7.540720998,7.499020209,7.472337097,7.288793139,6.916209428,,
Ecuador,ECU,1.640605971,1.798584661,1.908671472,2.029189439,2.150041892,2.203366408,2.066177292,2.244788111,2.344230258,2.455104271,2.441361756,2.543911176,2.473495016,2.617689044,2.761702175,,
"Egypt, Arab Rep.",EGY,2.021660576,1.761296175,1.752215942,1.999994134,2.001962275,2.177805381,2.28491226,2.377408257,2.453080477,2.50693511,2.41019138,2.528167325,2.471928185,2.376329652,2.198980246,,
Euro area,EMU,8.207013776,8.378061479,8.335929408,8.412746174,8.444274922,8.351671522,8.317244915,8.131036083,7.905203798,7.284917549,7.425634147,7.16133781,6.996928333,6.84456842,6.475621267,,
Eritrea,ERI,0.179415769,0.180355057,0.16739016,0.194225396,0.199571194,0.193096913,0.137963994,0.139499082,0.09789904,0.119104459,0.11692068,0.132758694,,,,,
Spain,ESP,7.257824346,7.290748328,7.591280782,7.611166445,7.908050681,8.097058048,7.88419571,7.920890716,7.165531607,6.216973378,5.816416366,5.788018458,5.660938803,5.084398353,5.033824487,,
Estonia,EST,10.63625164,11.21670899,10.79350419,12.49335386,12.68399031,12.36701519,12.00996206,13.95488409,13.08183443,10.91432018,13.59968907,14.01673297,13.32400037,15.09371797,14.84881917,,
Ethiopia,ETH,0.053348338,0.063550673,0.064136044,0.068745056,0.070957323,0.06671871,0.069804932,0.074245057,0.079084048,0.077619139,0.07509386,0.085803968,0.092622864,0.112072453,0.119124015,,
European Union,EUU,8.013426014,8.172648651,8.103745058,8.222474481,8.20809822,8.142762854,8.176670916,8.008156136,7.802386254,7.155647741,7.354520513,7.07937396,6.917691494,6.753895169,6.379608619,,
Fragile and conflict affected situations,FCS,0.758345411,0.782254133,0.743101064,0.792787006,0.85075299,0.836936577,0.790995841,0.712353785,0.792740323,0.811890651,0.833550528,0.817418849,0.833300418,0.870957192,0.877975707,,
Finland,FIN,10.12847414,10.9967421,11.86067583,13.26109694,12.83267498,10.41643805,12.57063845,12.09848186,10.63715919,9.955194272,11.57528165,10.54447474,9.075433356,8.681780123,8.660721243,,
Fiji,FJI,1.039677129,1.297067861,1.092424705,1.284259173,1.653469037,1.334157118,1.471389672,1.38806342,1.060957621,0.929697981,1.419979069,1.25604496,1.213104227,1.30887617,1.320574708,,
France,FRA,5.946665658,6.153060499,6.068664472,6.115998304,6.120078373,6.099598372,5.90626685,5.76638499,5.690501327,5.438356727,5.428980444,5.077911413,5.07506381,5.062180938,4.572088353,,
Faroe Islands,FRO,14.58792162,16.04881539,15.1995227,15.28744737,15.53845834,14.96114735,14.02135047,14.229607,13.00864185,11.86633551,12.99122554,11.6932398,12.13140591,13.91665128,12.23784857,,
"Micronesia, Fed. Sts.",FSM,1.160529451,1.574040032,1.336782479,1.338872454,1.341874889,1.139506196,1.145026683,1.326119644,1.123145543,1.552020008,1.097098904,1.169550006,1.310870216,1.379076585,1.445435754,,
Gabon,GAB,3.812587217,3.8027877,3.532692526,3.495415414,3.435279888,3.483729188,2.888232916,2.765283613,2.716100054,2.678457404,2.933224404,2.929968222,2.905518332,2.90571962,2.768265721,,
United Kingdom,GBR,9.199549233,9.233174987,8.904123108,9.053277839,8.989140127,8.982938536,8.89871022,8.617163681,8.424423983,7.574622131,7.857836486,7.079297626,7.355898277,7.145844359,6.49744049,,
Georgia,GEO,1.026657085,0.859400875,0.777669956,0.877317601,1.018467138,1.209497375,1.486837282,1.572983097,1.282085112,1.568937657,1.608398879,2.05730529,2.20691085,2.081139036,2.411541991,,
Ghana,GHA,0.332065264,0.356285127,0.372506201,0.373214083,0.350161075,0.324620095,0.423190166,0.432928115,0.392218773,0.322460195,0.406162808,0.391342522,0.4615626,0.554930149,0.536533378,,
Gibraltar,GIB,10.7022771,10.98674061,11.04378012,11.21371375,12.07157637,12.45762818,12.94395591,12.74595509,12.99560064,14.01996602,14.03202868,13.50220027,13.74184338,14.52448937,15.51348493,,
Guinea,GIN,0.186502517,0.191706204,0.197449478,0.202062483,0.204790633,0.188658482,0.191487708,0.19503142,0.212067121,0.214326136,0.2412015,0.251884294,0.22883261,0.199296674,0.207492621,,
"Gambia, The",GMB,0.199448144,0.199153086,0.220912206,0.213922821,0.209756659,0.203129198,0.20658864,0.228723501,0.230836248,0.232603869,0.255713888,0.25617469,0.252317681,0.232722215,0.267684889,,
Guinea-Bissau,GNB,0.117983091,0.11861584,0.119065529,0.147101654,0.149358127,0.154026758,0.153151941,0.159770201,0.153530325,0.154659665,0.153196262,0.153925624,0.154457589,0.152655821,0.157241167,,
Equatorial Guinea,GNQ,0.740177399,4.837655253,7.472589574,8.663189901,7.199253053,6.222090617,6.003530598,5.78352809,5.18537847,5.08234968,4.919642857,6.162746281,4.925379817,4.764156915,4.733816529,,
Greece,GRC,8.47843382,8.636014274,8.591970187,8.760745127,8.867967195,8.980839448,8.827796219,8.892293442,8.662824281,8.277892345,7.540183868,7.189762915,7.247007359,6.33661459,6.180337268,,
Grenada,GRD,1.876460111,1.908226885,2.011283056,2.113338217,2.000389651,2.101555139,2.237296507,2.301034889,2.434552102,2.426008668,2.487241705,2.408022841,2.572577052,2.873797317,2.275498308,,
Greenland,GRL,9.461120996,9.566086957,9.522319772,9.366951467,10.24499657,10.69152542,11.04479163,11.28207939,11.71815083,10.2217389,11.66377295,12.44034101,10.00501672,9.803250536,8.989181988,,
Guatemala,GTM,0.851067438,0.891154224,0.90887707,0.866258954,0.908087138,0.959869359,0.944052806,0.921548718,0.816060283,0.827854974,0.797292859,0.791834915,0.784016181,0.87418049,1.150977994,,
Guyana,GUY,2.137011633,2.12046186,2.102022386,2.082588843,2.16609282,1.914204217,1.721961417,2.088790951,2.088229619,2.099803807,2.303675813,2.379070885,2.648880414,2.554048974,2.632347952,,
High income,HIC,12.27489081,12.15685808,12.15333334,12.25279694,12.3770201,12.30537727,12.23347214,12.20527872,11.95578819,11.24474243,11.56298143,11.31088372,11.13486896,11.05307492,10.98166699,,
"Hong Kong SAR, China",HKG,6.067468267,5.65317561,5.877226465,6.441820883,6.148515958,6.439263195,6.133325021,6.321536226,6.320723648,6.044701985,5.791126534,6.193079501,6.069467755,6.261577878,6.382829308,,
Honduras,HND,0.771138223,0.853598376,0.887475982,0.962390428,1.022605017,1.024491994,0.929221554,1.13892448,1.101591737,0.979841745,0.973269197,1.072227358,1.05625722,1.047014219,1.07522179,,
Heavily indebted poor countries (HIPC),HPC,0.162257814,0.163942515,0.170391156,0.175683411,0.184718896,0.183977821,0.192717356,0.200496028,0.203015919,0.20326954,0.221203409,0.232659952,0.240601121,0.254597359,0.26534215,,
Croatia,HRV,4.369579304,4.593660811,4.836475676,5.176746847,5.040782609,5.086084421,5.091679054,5.371543282,5.094677245,4.778855554,4.566131051,4.627629816,4.21645564,4.123953137,3.973804906,,
Haiti,HTI,0.159990525,0.1805538,0.206703021,0.193224637,0.217948811,0.224056081,0.22447544,0.25017388,0.247110854,0.230376834,0.212694146,0.218681438,0.224883835,0.23059851,0.270538586,,
Hungary,HUN,5.467296695,5.592875675,5.518941473,5.82981044,5.684910755,5.751848927,5.698187039,5.572459521,5.463501182,4.840111448,5.022311649,4.797900003,4.494128944,4.259659831,4.265574976,,
IBRD only,IBD,2.639154885,2.661124886,2.738289435,2.963583055,3.164713275,3.343350356,3.53146464,3.667385325,3.860075908,3.915007142,4.123563114,4.411304311,4.524741598,4.503035252,4.510720762,,
IDA & IBRD total,IBT,2.179903703,2.193942815,2.2496054,2.424325752,2.577694387,2.708278452,2.848555043,2.950578364,3.090863734,3.117201737,3.272366264,3.486023849,3.561338844,3.536686563,3.530939698,,
IDA total,IDA,0.494094098,0.500429866,0.500567608,0.518765111,0.529728228,0.520640129,0.526089268,0.544342397,0.541695835,0.506680456,0.523640485,0.53690749,0.529591921,0.534505356,0.525893956,,
IDA blend,IDB,0.963794692,0.974056011,0.998706122,1.0036976,1.021554388,0.999547492,0.994749566,1.007746111,0.988996369,0.890379578,0.907667614,0.939870757,0.937521858,0.930803298,0.880445467,,
Indonesia,IDN,1.245241613,1.374818345,1.410233797,1.436404464,1.509898209,1.508480596,1.50157677,1.611855395,1.763895139,1.865165403,1.767907879,2.456844744,2.559750233,1.945094474,1.819363319,,
IDA only,IDX,0.25660826,0.261526248,0.249831187,0.275409887,0.283472749,0.281286735,0.292213418,0.313346462,0.318831072,0.315625568,0.332241304,0.335718006,0.325676172,0.336243062,0.3484429,,
India,IND,0.979870442,0.97169808,0.967381128,0.992391683,1.025027608,1.068563218,1.121981504,1.19320986,1.310097833,1.431844254,1.397008906,1.47668635,1.598098637,1.591437853,1.730000432,,
Ireland,IRL,10.83474264,11.38823116,11.04125081,10.6811767,10.75163663,10.4661517,10.0993731,10.14752888,9.577641293,8.889010942,8.783613934,7.785414637,7.759472689,7.579949216,7.378117809,,
"Iran, Islamic Rep.",IRN,5.628712148,5.938288818,5.909686786,6.080819732,6.42136251,6.657136594,7.150837088,7.209721709,7.434674547,7.522002539,7.684728662,7.802934624,8.001696245,8.003808763,8.283020787,,
Iraq,IRQ,3.074219493,3.519022191,3.498892732,3.55544505,4.335058404,4.203243314,3.565996058,2.189316732,3.19974579,3.497152936,3.647128775,4.235645492,4.659523902,4.884622664,4.811839686,,
Iceland,ISL,7.693782116,7.373427894,7.550227286,7.485457013,7.683682902,7.513584557,7.568614994,7.414833454,6.677481144,6.447492771,6.168528586,5.896828979,5.613991818,5.866946294,6.059657407,,
Israel,ISR,9.581779456,9.876810219,9.103871689,9.400877468,8.667993097,8.218088772,8.856488368,8.78433448,9.340093039,8.612472881,9.035223254,8.901888279,9.547967764,8.321785471,7.863181348,,
Italy,ITA,7.912673166,7.904432663,7.932323042,8.17175128,8.216487201,8.166090128,8.072145596,7.917347216,7.60176497,6.795651486,6.83837457,6.702557614,6.205413858,5.732941879,5.270866786,,
Jamaica,JAM,3.879738293,3.965603802,3.799716633,3.932630319,3.910532081,3.825089911,4.164812687,3.47744866,3.658953981,2.760631465,2.590268386,2.777310635,2.626668783,2.837874022,2.59321537,,
Jordan,JOR,3.03886889,3.081321549,3.19367817,3.237042722,3.475823105,3.68553936,3.559335058,3.557940164,3.289654786,3.209444026,2.948961557,2.860523571,3.058367062,2.898831801,3.002514727,,
Japan,JPN,9.622351624,9.464308709,9.573130135,9.725282059,9.909203497,9.698882518,9.632048618,9.782963899,9.449533972,8.620816388,9.148316038,9.317426666,9.63862829,9.780815065,9.538706103,,
Kazakhstan,KAZ,7.934854181,8.873851074,9.000333671,9.538517359,11.52689249,11.7071662,12.58362425,14.35971247,14.85305787,13.2568626,15.22825883,15.64686482,14.46999007,15.42956559,14.36238966,,
Kenya,KEN,0.331249189,0.289874858,0.239910545,0.197903469,0.217354469,0.237527091,0.258407753,0.258132923,0.261618018,0.306941208,0.294423102,0.316754325,0.286745421,0.297438082,0.310415314,,
Kyrgyz Republic,KGZ,0.946245305,0.787517745,0.993404532,1.078294172,1.150808862,1.083209042,1.055464127,1.258434439,1.440269803,1.261546635,1.171873015,1.388440866,1.806948388,1.720789566,1.646395339,,
Cambodia,KHM,0.162644456,0.18153944,0.174719537,0.185159888,0.18723252,0.209184397,0.222613711,0.253373751,0.28082695,0.330259355,0.350330567,0.358177248,0.369259354,0.372980821,0.437759998,,
Kiribati,KIR,0.34755823,0.298970393,0.461822928,0.453760054,0.486006494,0.675212564,0.739157649,0.533043993,0.558766761,0.401091799,0.607284807,0.595656245,0.584722313,0.574367715,0.564368357,,
St. Kitts and Nevis,KNA,3.79840878,3.827266797,4.245577925,4.185896081,4.433636989,4.073522454,4.098455598,4.345921298,4.298517842,4.395845616,4.276800467,4.442198977,4.18360556,4.207094359,4.2989449,,
"Korea, Rep.",KOR,9.52093176,9.503744234,9.77299975,9.734649494,10.03018386,9.607269847,9.716605676,10.18156704,10.34742286,10.32010949,11.43631663,11.80296873,11.63282456,11.74920084,11.57034541,,
Kuwait,KWT,26.11748729,27.32663445,27.16083436,27.62525921,28.77545168,31.42673908,31.03114555,30.05334284,31.19177293,30.97049493,29.89415136,28.52652872,30.13791232,27.33039211,25.22386443,,
Latin America & Caribbean (excluding high income),LAC,2.485737329,2.518975176,2.509364895,2.53363075,2.505379604,2.601616197,2.636106301,2.635918643,2.743907739,2.655313502,2.761716874,2.776963476,2.876856776,2.886362794,2.919170624,,
Lao PDR,LAO,0.176149081,0.161184789,0.209456216,0.197162692,0.245994204,0.244083186,0.2651815,0.152848497,0.156321266,0.204449551,0.262420284,0.256490777,0.264657252,0.242789462,0.297200884,,
Lebanon,LBN,4.712723692,4.81313948,4.542585422,4.911836506,4.348269742,4.065397963,3.563651398,3.294180595,4.190554377,4.989669044,4.622282052,4.455511197,4.603511835,4.279937348,4.295732552,,
Liberia,LBR,0.1461958,0.164278273,0.159233697,0.167097261,0.193947011,0.222635631,0.221594757,0.189982043,0.154168463,0.13565347,0.200619788,0.218929838,0.245544549,0.223290253,0.212967664,,
Libya,LBY,8.796827186,8.84099908,8.653499448,8.754906737,8.827526456,8.995490522,9.057399937,8.367869151,9.253709435,9.472052766,10.04374986,6.410366124,8.499773485,9.081136287,9.186845393,,
St. Lucia,LCA,2.102784981,2.290949364,2.04279464,2.232461344,2.192276165,2.239881745,2.216955752,2.301629525,2.340361659,2.251377016,2.33729285,2.341553914,2.3281208,2.31718661,2.307191321,,
Latin America & Caribbean,LCN,2.585980391,2.61017359,2.606262721,2.635358391,2.618962356,2.723203095,2.769697144,2.783838744,2.888624225,2.792717405,2.905139528,2.930926671,3.025865761,3.036056355,3.063325322,,
Least developed countries: UN classification,LDC,0.166976484,0.175880211,0.182235366,0.185154906,0.209194201,0.211198028,0.2235639,0.230223596,0.238035626,0.251513588,0.269364192,0.278625092,0.278405674,0.294525992,0.314163047,,
Low income,LIC,0.284116645,0.285324531,0.27125448,0.272114986,0.269725417,0.277452067,0.276278201,0.24998045,0.261970202,0.257959195,0.264876267,0.245703805,0.241481506,0.234571789,0.253993645,,
Liechtenstein,LIE,,,,,,,,1.764877414,1.75400242,1.435385562,1.527789351,1.314554379,1.304446573,1.393766629,1.185229079,,
Sri Lanka,LKA,0.548821442,0.555600149,0.583769206,0.580517057,0.639646245,0.624637382,0.613546209,0.62813316,0.616008629,0.659832282,0.659254386,0.746750333,0.784926512,0.752460918,0.885545809,,
Lower middle income,LMC,1.066807863,1.070806081,1.074376302,1.116763544,1.150832488,1.170170054,1.195520124,1.247802555,1.315115195,1.345710166,1.346698086,1.445607459,1.507877927,1.43762262,1.471095913,,
Low & middle income,LMY,2.131220873,2.146662019,2.203218865,2.37727857,2.53046717,2.662169732,2.799418967,2.899286278,3.042207737,3.072977854,3.225508846,3.435599515,3.514633484,3.487311228,3.485848703,,
Lesotho,LSO,0.99097554,0.995518981,1.002380261,1.007513697,1.02591833,1.032643548,1.037234275,1.047034057,1.063467221,1.098714893,1.115976518,1.129856804,1.151021471,1.149963563,1.150111032,,
Late-demographic dividend,LTE,3.405477326,3.455391808,3.609785515,3.994634288,4.351995124,4.683951515,5.024304769,5.262417072,5.55067129,5.632258811,6.081012724,6.558049523,6.708536749,6.775681277,6.750370749,,
Lithuania,LTU,3.475729068,3.712622788,3.817099115,3.754816757,3.922093528,4.184042091,4.329871871,4.693696086,4.69291649,3.958100057,4.348616303,4.553301311,4.629509672,4.273657237,4.378090123,,
Luxembourg,LUX,18.88551226,19.93273314,21.1057455,21.93071098,24.5990264,24.82464668,24.01285765,22.95728271,22.38547222,20.87712517,21.6351358,21.10296963,20.08421949,18.49831971,17.36212137,,
Latvia,LVA,2.682622965,2.988928918,2.992111413,3.221510038,3.271442282,3.352846325,3.611860039,3.779785259,3.629405756,3.376490018,3.849593455,3.541113332,3.471747548,3.518240904,3.498192882,,
"Macao SAR, China",MAC,3.812838948,3.85047514,3.381937019,3.331122446,3.640142284,3.791936323,3.285522582,3.04962854,2.602236229,3.944039078,2.622363675,2.636261714,2.333713164,2.05052089,2.17984276,,
Morocco,MAR,1.175234919,1.292416974,1.296207204,1.25858331,1.435121375,1.499668721,1.536323802,1.609794004,1.674221754,1.640583713,1.726598065,1.755558226,1.881915344,1.746728972,1.744379974,,
Moldova,MDA,0.965214233,1.022913361,1.100182387,1.187528267,1.263730162,1.361666306,1.393071924,1.30813803,1.338363153,1.276290637,1.384630177,1.415302757,1.383552384,1.404532331,1.386829142,,
Madagascar,MDG,0.118846962,0.107117169,0.073711326,0.098470636,0.101546442,0.094991068,0.089148788,0.093403805,0.094441924,0.086107763,0.09257807,0.107595267,0.121103401,0.135748886,0.130421321,,
Maldives,MDV,1.577066434,1.582335616,2.000181818,1.664625,2.139083333,1.873482866,2.279486486,2.238025788,2.329861878,2.454852778,2.547915531,2.616506631,2.885976623,2.780575064,3.328648379,,
Middle East & North Africa,MEA,4.644901115,4.631625284,4.603452057,4.816033373,5.108815409,5.254239767,5.450505016,5.297569033,5.609736352,5.744609287,5.847629161,5.793991934,6.099279028,5.921664143,6.159461294,,
Mexico,MEX,3.916478182,4.006881616,3.970934988,4.16704652,4.124551403,4.299365235,4.353173578,4.296635487,4.339644436,4.120600766,3.957657664,4.067755192,4.107686314,4.001602493,3.866241113,,
Marshall Islands,MHL,1.476389501,1.545982408,1.617029027,1.618332182,1.690056458,1.620228604,1.760340259,1.899016054,1.896070321,1.962461774,1.958531235,1.954169997,1.949680041,1.944879056,1.941018564,,
Middle income,MIC,2.300801413,2.320060406,2.385890243,2.579379723,2.750865382,2.898290869,3.053115758,3.169724091,3.330463663,3.369398408,3.542179767,3.782105923,3.875846018,3.852003465,3.854042913,,
"Macedonia, FYR",MKD,5.928994176,5.873397943,5.336934241,5.507394958,5.440655464,5.474855747,5.301935152,4.596492884,4.547880455,4.20383424,4.154450175,4.535127435,4.322883016,3.780523467,3.614938183,,
Mali,MLI,0.074893437,0.073383783,0.072779635,0.070254145,0.070724633,0.070195456,0.071249296,0.073738963,0.075735439,0.055231208,0.063974498,0.067247651,0.062083931,0.062311648,0.083228663,,
Malta,MLT,5.292462963,6.325824114,5.806537886,6.476880542,6.415248662,6.683221324,6.351303206,6.698844917,6.252313871,5.814186003,6.174949579,6.104795468,6.390618779,5.525955774,5.491524789,,
Myanmar,MMR,0.218848376,0.187093466,0.195328681,0.206738413,0.258661081,0.239234646,0.263052109,0.261834894,0.198099033,0.205437515,0.249531401,0.282824446,0.217129435,0.249963458,0.416600362,,
Middle East & North Africa (excluding high income),MNA,3.105059766,3.143044411,3.100289482,3.262256187,3.401536629,3.550132417,3.603603965,3.556695388,3.735083468,3.807163846,3.818795951,3.822477607,3.926381879,3.914188367,3.927253364,,
Montenegro,MNE,,,,,,3.34904381,3.875533515,3.655836006,4.457679397,2.953556075,4.167664361,4.145547583,3.763898221,3.61855388,3.55607179,,
Mongolia,MNG,3.130990358,3.258173484,3.3913979,3.25373286,3.424917656,3.389126465,3.672716938,4.655079543,4.580730945,4.9103343,5.094989402,7.785441402,9.319217433,13.50693996,7.127326348,,
Mozambique,MOZ,0.074688918,0.085023271,0.082959215,0.097270381,0.094596362,0.08710476,0.091898522,0.101969512,0.099191579,0.107559226,0.112940682,0.129247057,0.121535416,0.152038112,0.309666607,,
Mauritania,MRT,0.433106133,0.455955774,0.469665477,0.469982419,0.504949844,0.507171194,0.49984056,0.556802755,0.568203288,0.605538678,0.61971003,0.644099587,0.693144214,0.676497971,0.666822428,,
Mauritius,MUS,2.267789393,2.39401331,2.395715333,2.523504784,2.53175545,2.683999401,2.94193012,2.97588958,3.029991456,2.97492202,3.132082534,3.129998786,3.15928885,3.233909584,3.353110472,,
Malawi,MWI,0.076394678,0.073993001,0.070814422,0.074310875,0.073478637,0.067211075,0.067992046,0.06411502,0.07400173,0.064295725,0.075433298,0.075556876,0.06811283,0.073883522,0.07476291,,
Malaysia,MYS,5.422937194,5.722640626,5.526834521,6.410086386,6.507753343,6.800116472,6.414691515,6.941255761,7.525777755,7.20424991,7.771554746,7.697015882,7.497558969,7.961513999,8.032991579,,
North America,NAC,19.90001075,19.37358606,19.31107882,19.35503182,19.41999239,19.35915719,18.85642497,18.98389784,18.30378575,17.03768107,17.26991958,16.83828478,16.16155105,16.15358671,16.35371951,,
Namibia,NAM,0.864978252,1.043056564,0.897058171,0.943269059,0.976417311,1.136804718,1.134491136,1.135406014,1.579001365,1.436229083,1.427537652,1.277711305,1.495026357,1.134995165,1.583728667,,
New Caledonia,NCL,10.47321202,8.689813366,10.86077024,12.17444,11.0975,12.22333333,11.57835745,12.37227311,11.84956198,12.13851837,14.169288,14.36482283,14.01671815,16.13201141,16.00891791,,
Niger,NER,0.061369828,0.055758948,0.05738136,0.059972884,0.062015179,0.052507081,0.049041881,0.049248865,0.053216382,0.061217486,0.0714398,0.077789764,0.105264016,0.105275363,0.111073516,,
Nigeria,NGA,0.621626466,0.683342208,0.728060755,0.769980197,0.77037715,0.763411354,0.693421339,0.649213947,0.639510536,0.49698548,0.57711138,0.587523023,0.588789917,0.571126416,0.545622113,,
Nicaragua,NIC,0.748457268,0.77714591,0.78066022,0.841729221,0.833581276,0.803023352,0.81949231,0.834057151,0.79049017,0.793378229,0.790571277,0.840380212,0.786172383,0.765378513,0.808520856,,
Netherlands,NLD,10.89472628,11.01778766,11.24924012,11.22973834,11.352269,11.12017757,10.98971528,10.78586295,10.76402402,10.42752306,11.01707086,10.4335386,10.16475883,10.31006279,9.920138075,,
Norway,NOR,8.834015703,9.284992238,8.378534776,9.90643602,9.287466436,9.179216926,9.495835691,9.57484966,11.67958325,11.46182886,12.2934545,9.124767216,9.940980235,11.45011884,9.270945132,,
Nepal,NPL,0.129282276,0.135225857,0.106876799,0.113901965,0.105477444,0.120277398,0.098811563,0.099736268,0.129223796,0.162087331,0.187128275,0.202491061,0.211798007,0.237169787,0.283538526,,
Nauru,NRU,8.398824935,8.024868199,7.644892286,6.537836767,6.526846633,6.16302521,4.356400356,4.36764268,4.37981487,4.022437176,4.389426434,4.010838222,3.924214418,4.066537289,4.021851008,,
New Zealand,NZL,8.549394199,8.87715449,8.408514119,8.46272795,8.453612477,8.258489562,7.992808632,7.963774563,8.029041035,7.527296054,7.305005861,7.185948221,7.747276831,7.531957408,7.686575825,,
OECD members,OED,11.07616821,10.95481533,10.93307889,11.0255893,11.07141834,11.01011988,10.91371967,10.92318014,10.64771383,9.931450145,10.17234335,9.976684521,9.765609587,9.693407668,9.534347145,,
Oman,OMN,9.654208063,8.839968154,10.91168473,13.57951707,11.44760509,11.9036965,15.3324576,16.41001787,15.47867535,14.25745055,15.59053119,16.68986874,17.07526401,16.53740003,15.44316719,,
Other small states,OSS,5.025581206,5.232223345,5.244311076,5.423921732,5.426114702,5.749137186,6.119634008,6.56615537,6.628053589,6.308844241,6.56368835,6.784162832,7.007855588,6.690196009,7.523087491,,
Pakistan,PAK,0.768458119,0.764701583,0.788667608,0.804958723,0.872801659,0.887768063,0.929856974,0.991029936,0.972050346,0.950832112,0.946268168,0.929801105,0.918978434,0.904315983,0.896264105,,
Panama,PAN,1.910735965,2.268075635,1.864202282,1.917386218,1.775436063,2.053453497,2.173017817,2.084170019,2.097205617,2.402400133,2.515310074,2.723708675,2.680559818,2.792431187,2.254311363,,
Peru,PER,1.169087226,1.03441455,1.022016493,0.979310067,1.169484073,1.344989408,1.247832089,1.518243277,1.432002781,1.782828044,1.96073385,1.667770946,1.82602434,1.869868254,1.993485949,,
Philippines,PHL,0.939934892,0.89187863,0.876902416,0.860220946,0.87467388,0.867379088,0.770906137,0.808236155,0.868950031,0.841111599,0.905495625,0.897333685,0.941558643,0.99642457,1.055456846,,
Palau,PLW,13.00422425,13.03973408,12.73914376,12.84380711,12.77635831,13.07932282,13.19328403,12.94278187,12.5085525,12.07791761,12.36067416,12.28326618,12.18918008,12.27007648,12.34270409,,
Papua New Guinea,PNG,0.478428354,0.561326046,0.594870184,0.656442053,0.728458268,0.694526383,0.665926409,0.923399974,0.706689826,0.733141685,0.670128424,0.732961333,0.683475587,0.814742393,0.814648807,,
Poland,POL,7.822798329,7.877112224,7.712040984,7.911421984,7.97271581,7.927026686,8.362097463,8.244183742,8.258160054,7.800914342,8.313376825,8.328175875,7.879830064,7.946282506,7.517151585,,
Pre-demographic dividend,PRE,0.389169394,0.426932896,0.441978857,0.447699684,0.503209857,0.495034363,0.457788037,0.399360555,0.441915479,0.431235884,0.466651105,0.504192971,0.523535454,0.535839629,0.536757223,,
"Korea, Dem. People¡¯s Rep.",PRK,3.038151299,3.122333791,2.966386951,3.005755582,3.049253044,3.161507489,3.196057811,2.653668475,2.923034281,2.889167205,2.702279506,1.942943694,1.973809403,1.441206059,1.613596841,,
Portugal,PRT,6.096403385,6.056037979,6.410086691,5.853135645,6.02313785,6.215165476,5.684705076,5.705207852,5.268402206,5.126323978,4.552752646,4.510827218,4.37605313,4.344029312,4.331554028,,
Paraguay,PRY,0.695683708,0.706728265,0.70762321,0.725821379,0.716846315,0.66120593,0.677573895,0.693306363,0.736175272,0.744430376,0.820810138,0.845408397,0.828337607,0.840506114,0.870219291,,
West Bank and Gaza,PSE,0.271057676,0.450151178,0.375598342,0.405640436,0.576681705,0.826080986,0.665291777,0.665297084,0.570947494,0.564577775,0.534014834,0.572406877,0.543675272,0.584854657,,,
Pacific island small states,PSS,0.961452403,1.084008112,0.990566879,1.067249342,1.190112601,1.057992942,1.106117067,1.095111809,0.95441671,0.928112242,1.096408647,1.030073173,1.004216091,1.039494445,1.064149686,,
Post-demographic dividend,PST,12.01384688,11.90690477,11.90550263,12.01431497,12.07419407,11.99739174,11.85394668,11.85401376,11.55994222,10.77413911,11.08809959,10.83248485,10.59740237,10.54013068,10.35499679,,
French Polynesia,PYF,2.395641032,2.811731939,2.888627217,3.09888571,3.029435011,3.222648557,3.200048869,3.137988595,3.204700983,3.1895241,3.203935479,3.084790045,2.996190694,3.003012489,2.915134817,,
Qatar,QAT,58.6393586,67.10601797,63.35447194,60.29957188,56.59083356,58.91873279,62.82353605,53.19098579,46.6721376,43.51447655,40.74201765,41.20564544,44.61792936,37.78008534,45.42323996,,
Romania,ROU,4.040518655,4.366207979,4.47471788,4.684388286,4.517307494,4.524305495,4.876469678,4.895132266,4.692067363,4.005210952,3.922213561,4.212926221,4.074315455,3.550167079,3.516153691,,
Russian Federation,RUS,10.62712053,10.6696034,10.71590102,11.09064748,11.12062698,11.25352867,11.66912207,11.67245657,12.01450651,11.02385623,11.69434812,12.334881,12.78497902,12.39355647,11.85752777,,
Rwanda,RWA,0.06579461,0.063835885,0.06228939,0.059987701,0.059879992,0.05872593,0.0573555,0.058998654,0.055903024,0.057702041,0.057616483,0.063115492,0.068317457,0.072576777,0.074016446,,
South Asia,SAS,0.851854677,0.847927659,0.847204334,0.868324557,0.900988332,0.936309586,0.983001449,1.043961633,1.134963126,1.229669093,1.207576015,1.270911264,1.362316291,1.355224977,1.461479556,,
Saudi Arabia,SAU,14.30027275,13.95135698,14.90013762,14.50905522,17.04060396,16.63381165,17.60654664,15.35597887,16.58299927,17.58961186,18.9053425,17.70230724,19.41950578,18.06835808,19.5292718,,
Sudan,SDN,0.159133714,0.178055693,0.220598608,0.239590405,0.29422066,0.273950845,0.291193188,0.332724015,0.341440489,0.346451108,0.345245386,0.330142237,0.301083381,0.309100309,,,
Senegal,SEN,0.398455815,0.427325303,0.433824209,0.46632215,0.477622832,0.516581423,0.409321364,0.436387428,0.417361598,0.365212359,0.599610304,0.629136954,0.577471339,0.596523237,0.608809117,,
Singapore,SGP,12.16662434,11.97221516,11.3102312,7.566013727,6.833825574,7.116921432,6.997632098,4.342606098,7.466761968,11.21442253,10.96040878,8.72379742,6.846758465,10.31198193,10.30633191,,
Solomon Islands,SLB,0.364381291,0.372018129,0.362266865,0.361144126,0.352039169,0.343377635,0.342765806,0.364512922,0.370714621,0.376591568,0.375183312,0.36696231,0.359033309,0.357906561,0.350449345,,
Sierra Leone,SLE,0.093195513,0.11993403,0.122795133,0.125535119,0.117970769,0.096561754,0.125395559,0.106680052,0.107654007,0.103438844,0.112416392,0.135882766,0.152292538,0.172170095,0.184925702,,
El Salvador,SLV,0.978678941,1.007096558,1.016707229,1.097360896,1.060848307,1.070486275,1.13040764,1.14709126,1.071239371,1.049801084,1.047522915,1.073590082,1.070997514,0.996713369,1.000644623,,
Somalia,SOM,0.053307232,0.054072605,0.061345646,0.060393455,0.058722876,0.057066117,0.055424186,0.055144875,0.052895892,0.051052401,0.050807075,0.048776172,0.047691373,0.046352865,0.045046723,,
Serbia,SRB,,,,,,,7.286928854,7.106397561,7.087822517,6.308347973,6.302577983,6.803677141,6.120600182,6.265110693,5.282521917,,
Sub-Saharan Africa (excluding high income),SSA,0.842052099,0.832963982,0.808244169,0.86274536,0.926903941,0.866177524,0.884751391,0.892114095,0.908742155,0.871440699,0.850885393,0.84032198,0.828005345,0.823059563,0.840365235,,
South Sudan,SSD,,,,,,,,,,,,,0.123043932,0.12958768,0.129749351,,
Sub-Saharan Africa,SSF,0.842805755,0.833790636,0.808912916,0.863406152,0.927793475,0.866986893,0.885591377,0.892815364,0.909482767,0.87196519,0.851302413,0.840615825,0.828399428,0.823403105,0.84079087,,
Small states,SST,5.085260818,5.331753816,5.357868369,5.604629902,5.656718035,6.008241944,6.433580445,6.782116211,6.791176569,6.494569176,6.760315916,6.889107015,7.001142316,6.811132601,7.386813178,,
Sao Tome and Principe,STP,0.34393172,0.362500177,0.404944475,0.444868304,0.482598425,0.494808199,0.529354539,0.517109031,0.505299168,0.536698026,0.566490823,0.574250559,0.621562806,0.607752145,0.59433982,,
Suriname,SUR,4.64982959,4.958517185,3.241545284,3.161388154,3.164601017,3.197029338,3.461169486,3.460485967,3.772721626,3.845772052,4.565427302,3.704326087,4.205862474,3.534930143,3.634019433,,
Slovak Republic,SVK,6.659329488,7.317137791,7.300020532,7.349868072,7.212801455,7.325390806,7.277962961,6.843273815,7.010558568,6.319073237,6.721959562,6.395396289,6.059022901,6.11280356,5.661581328,,
Slovenia,SVN,7.23840366,7.611741112,7.731011817,7.772287175,7.884828934,7.931674693,8.094608116,8.049468764,8.58644121,7.491602314,7.485854369,7.350637628,7.185481044,6.869551393,6.213686845,,
Sweden,SWE,5.562430083,5.747026066,6.434228598,6.115194532,6.062241404,5.710313512,5.459003216,5.253521937,5.328098275,4.63141136,5.547348052,5.474957121,4.942300828,4.671420785,4.478182178,,
Swaziland,SWZ,1.11930647,1.066339089,1.041481872,0.957730055,0.940983678,0.921829179,0.906511654,0.934116514,0.946100473,0.885167383,0.862756819,0.855951971,0.96657875,0.85657624,0.928714992,,
Sint Maarten (Dutch part),SXM,,,,,,,,,,,,,20.11345266,19.53355916,19.46132413,,
Seychelles,SYC,7.050966955,7.812504618,6.43848166,6.644640678,8.936853592,8.320210481,8.669030733,7.546775958,7.970272322,6.006792825,4.942709146,3.900126943,4.983296151,4.484430066,5.418677963,,
Syrian Arab Republic,SYR,3.11019717,2.909210224,2.286094179,3.116533908,2.869902336,2.767295899,2.832792448,3.385559965,3.329906217,2.993132594,2.930971337,2.727578225,2.190427547,1.839503237,1.598898459,,
Turks and Caicos Islands,TCA,3.691675939,3.633391132,4.553812897,4.385988894,4.102445261,4.575431034,5.173757326,5.761696927,6.094874665,5.940915854,6.15228754,6.009391447,6.105824674,5.980971366,6.086487448,,
Chad,TCD,0.021098562,0.019894813,0.018738928,0.040774062,0.038897974,0.039704246,0.039057066,0.042878111,0.045780435,0.042718173,0.043496106,0.043865596,0.048200118,0.053328683,0.053777688,,
East Asia & Pacific (IDA & IBRD countries),TEA,2.305581853,2.362653522,2.55964116,2.945749798,3.32961848,3.671834577,3.979321364,4.244903795,4.526607603,4.753589615,5.140665449,5.693076993,5.8261122,5.850442873,5.83316722,,
Europe & Central Asia (IDA & IBRD countries),TEC,6.918291567,6.929779074,6.959978524,7.253364089,7.326217807,7.359349393,7.642256131,7.721192584,7.827820239,7.121118088,7.587860575,7.887481101,7.949940509,7.715045316,7.395820691,,
Togo,TGO,0.273713591,0.227404402,0.234622216,0.271382707,0.252435136,0.235507986,0.209173434,0.234790329,0.273159481,0.439659634,0.40600638,0.368935463,0.362450984,0.377480424,0.362696892,,
Thailand,THA,2.879232989,3.062483198,3.251318602,3.478810022,3.741227066,3.782433584,3.829104127,3.813655648,3.793534164,4.001129215,4.19478194,4.12138946,4.371765415,4.403807563,4.621860032,,
Tajikistan,TJK,0.359844954,0.362230081,0.291759,0.315578655,0.381840267,0.356311539,0.37976621,0.452197973,0.397314921,0.328286153,0.33303078,0.300737249,0.366926485,0.425539775,0.620466725,,
Turkmenistan,TKM,8.312221014,8.342198428,8.669547866,9.579940336,9.89530633,10.16657073,10.29329588,11.50743008,11.51416255,10.05213231,11.26148537,12.07317521,12.31489744,12.43613272,12.51729534,,
Latin America & the Caribbean (IDA & IBRD countries),TLA,2.565223005,2.591077543,2.585684268,2.616114979,2.599824061,2.703239944,2.747692893,2.762456276,2.862068646,2.765484547,2.864983989,2.894576438,2.992217172,3.005565912,3.032804906,,
Timor-Leste,TLS,,,0.174652126,0.167921803,0.17659913,0.171474665,0.171351709,0.172163989,0.187072748,0.20819563,0.211508565,0.217131247,0.253604896,0.371540554,0.387014002,,
Middle East & North Africa (IDA & IBRD countries),TMN,3.13484538,3.171568047,3.129387227,3.293019934,3.432213544,3.579956619,3.636029456,3.588850456,3.770654534,3.844012373,3.856528774,3.86025027,3.966159669,3.953796939,3.967544488,,
Tonga,TON,0.972064191,0.892476499,1.035207291,1.175921194,1.095651654,1.125058145,1.262132581,1.110593316,1.174807048,1.274197907,1.126823319,0.981822007,1.013263332,1.079266672,1.143965892,,
South Asia (IDA & IBRD),TSA,0.851854677,0.847927659,0.847204334,0.868324557,0.900988332,0.936309586,0.983001449,1.043961633,1.134963126,1.229669093,1.207576015,1.270911264,1.362316291,1.355224977,1.461479556,,
Sub-Saharan Africa (IDA & IBRD countries),TSS,0.842805755,0.833790636,0.808912916,0.863406152,0.927793475,0.866986893,0.885591377,0.892815364,0.909482767,0.87196519,0.851302413,0.840615825,0.828399428,0.823403105,0.84079087,,
Trinidad and Tobago,TTO,18.80084212,20.71293874,22.39795451,24.9111726,25.90556552,29.41666114,32.74891033,34.73295373,33.74358584,33.96978628,36.09293276,35.16208791,33.85500019,34.52003192,34.16324263,,
Tunisia,TUN,2.054068084,2.127344684,2.114849306,2.137553953,2.225984744,2.243217063,2.25498071,2.341262508,2.385393342,2.355950493,2.59965793,2.417981861,2.480445624,2.511904245,2.587059584,,
Turkey,TUR,3.417945943,3.030818158,3.157446333,3.306668817,3.364105462,3.496004,3.804564085,4.090076579,4.031511712,3.894702792,4.120214807,4.370560958,4.419487888,4.285300843,4.491479026,,
Tuvalu,TUV,0.778556263,0.771026072,1.141774779,1.126343811,1.111885992,1.097137728,0.723488212,1.074001757,1.063926499,1.053634709,0.696420093,0.690063982,1.025734266,1.016822257,1.008525853,,
Tanzania,TZA,0.077571471,0.089072224,0.099429793,0.102461402,0.114084492,0.139662291,0.148358699,0.140649177,0.141950648,0.132511808,0.154161892,0.170126457,0.194470623,0.220730008,0.221347372,,
Uganda,UGA,0.059491397,0.060784975,0.060598495,0.060049683,0.063048843,0.076053411,0.085871646,0.094460608,0.100754816,0.103166875,0.1155833,0.121524015,0.112110416,0.129674909,0.134656001,,
Ukraine,UKR,6.525618775,6.609491317,6.611440672,7.371051211,7.236767886,7.087901917,6.976804954,6.907396814,6.723649839,5.647810472,6.641349685,6.265962311,6.487602806,5.976641848,5.020747064,,
Upper middle income,UMC,3.562867696,3.609414323,3.752208269,4.117447523,4.449135563,4.749256162,5.06074512,5.265567914,5.547397262,5.614114854,5.99757803,6.416174069,6.565327442,6.613771874,6.598864804,,
Uruguay,URY,1.597638536,1.529798146,1.38844206,1.382717957,1.687830315,1.736680346,1.99585265,1.797408542,2.466682225,2.396863881,1.893043387,2.292941862,2.559619604,2.226235877,1.973150822,,
United States,USA,20.17875051,19.63650507,19.61340408,19.56410453,19.65837118,19.59188523,19.09406652,19.21789784,18.46176387,17.15773779,17.44161513,16.97241709,16.30402162,16.31587885,16.49366613,,
Uzbekistan,UZB,4.942262235,4.945160899,5.078720671,4.972777084,4.879862552,4.480783353,4.541206044,4.473745459,4.538017932,3.858171993,3.647048882,3.874800916,3.889733195,3.417442433,3.420722746,,
St. Vincent and the Grenadines,VCT,1.359432056,1.663916361,1.72930113,1.827577296,2.026732007,2.023284043,2.020255815,2.084917513,2.082663857,2.852965136,2.012715547,1.811013252,2.314347651,1.911992316,1.91134541,,
"Venezuela, RB",VEN,6.224289682,6.917751409,7.60829582,7.426134418,5.763354322,6.163929271,6.223186002,5.806267233,6.364740177,6.289128331,6.513376914,6.00145924,6.649233468,6.066461313,6.025697582,,
British Virgin Islands,VGB,4.973407605,5.04353806,5.280180222,5.5005,5.531165432,5.698031768,5.982555951,6.079293195,6.301671614,6.239460052,6.330774317,6.30859109,6.1740503,6.057819383,6.072833581,,
Vietnam,VNM,0.691020496,0.777658384,0.89022065,0.978870449,1.111901201,1.191177164,1.233275634,1.24524342,1.386217823,1.495317559,1.641940299,1.73194832,1.601421114,1.640272617,1.83966563,,
Vanuatu,VUT,0.455742099,0.464937398,0.434846048,0.423900806,0.287406377,0.28023117,0.222103674,0.450137075,0.423102867,0.52434517,0.512118327,0.545795073,0.459328848,0.42009228,0.594993239,,
World,WLD,4.035568347,4.078429641,4.085983021,4.2553001,4.41144348,4.525075938,4.632640265,4.66744408,4.75795418,4.657645641,4.829611024,4.969097104,4.997729827,4.98932047,4.971571568,,
Samoa,WSM,0.819042437,0.835469282,0.830662242,0.866893314,0.840956254,0.896731489,0.911211857,0.945486763,0.979060188,1.011854393,1.004360785,1.074707591,1.046639957,1.038064134,1.029788341,,
"Yemen, Rep.",YEM,0.819163987,0.881349702,0.833251432,0.889142767,0.943264168,0.973808147,1.007359786,0.964139106,0.999238383,1.069059495,0.992601744,0.810900295,0.749446818,0.99688497,0.864834535,,
South Africa,ZAF,8.434118884,8.21052096,7.777428774,8.713374326,9.57809142,8.757510153,9.285908893,9.54462725,10.0241421,10.01102895,9.299811199,9.097011372,8.927862463,8.748063894,9.045270345,,
Zambia,ZMB,0.173056761,0.176165741,0.178396946,0.18492339,0.182853857,0.18985881,0.185075705,0.151567338,0.165936264,0.186396423,0.194337299,0.205910778,0.249456851,0.26111253,0.288271141,,
Zimbabwe,ZWE,1.139200872,1.01859752,0.957193478,0.843469121,0.74243951,0.832299256,0.796027923,0.741657876,0.573101063,0.405715639,0.552146242,0.66475077,0.529703431,0.775563675,0.779955845,,
