Country Name,Country Code,1990,1991,1992,1993,1994,1995,1996,1997,1998,1999,2000,2001,2002,2003,2004,2005,2006,2007,2008,2009,2010,2011,2012,2013,2014,2015,2016
Aruba,ABW,,,,,,,,,,,,,,,,,,,,,,,,,,,
Afghanistan,AFG,0.1,0.1,0.1,0.1,0.1,0.1,0.1,0.1,0.1,0.1,0.1,0.1,0.1,0.1,0.1,0.1,0.1,0.1,0.1,0.1,0.1,0.1,0.1,0.1,0.1,0.1,0.1
Angola,AGO,0.2,0.3,0.4,0.4,0.5,0.6,0.7,0.7,0.8,0.9,1,1.1,1.2,1.3,1.3,1.4,1.5,1.5,1.6,1.7,1.7,1.8,1.8,1.8,1.8,1.9,1.9
Albania,ALB,0.1,0.1,0.1,0.1,0.1,0.1,0.1,0.1,0.1,0.1,0.1,0.1,0.1,0.1,0.1,0.1,0.1,0.1,0.1,0.1,0.1,0.1,0.1,0.1,0.1,0.1,0.1
Andorra,AND,,,,,,,,,,,,,,,,,,,,,,,,,,,
Arab World,ARB,0.1,0.101697115,0.105834574,0.111093421,0.111787935,0.116948832,0.119070527,0.124410653,0.130105325,0.131859237,0.132549471,0.13386927,0.137193851,0.133852732,0.144396228,0.143829698,0.142145047,0.141903332,0.138001778,0.136679669,0.136579074,0.136160785,0.135249569,0.131710132,0.130515262,0.130840869,0.130893922
United Arab Emirates,ARE,,,,,,,,,,,,,,,,,,,,,,,,,,,
Argentina,ARG,0.3,0.3,0.3,0.3,0.3,0.3,0.3,0.3,0.3,0.3,0.3,0.4,0.4,0.4,0.4,0.4,0.4,0.4,0.4,0.4,0.4,0.4,0.4,0.4,0.4,0.4,0.4
Armenia,ARM,0.1,0.1,0.1,0.1,0.1,0.1,0.1,0.1,0.1,0.1,0.1,0.1,0.1,0.2,0.2,0.2,0.2,0.2,0.2,0.2,0.2,0.2,0.2,0.2,0.2,0.2,0.2
American Samoa,ASM,,,,,,,,,,,,,,,,,,,,,,,,,,,
Antigua and Barbuda,ATG,,,,,,,,,,,,,,,,,,,,,,,,,,,
Australia,AUS,0.1,0.1,0.1,0.1,0.1,0.1,0.1,0.1,0.1,0.1,0.1,0.1,0.1,0.1,0.1,0.1,0.1,0.1,0.1,0.1,0.1,0.1,0.1,0.1,0.1,0.1,0.1
Austria,AUT,,,,,,,,,,,,,,,,,,,,,,,,,,,
Azerbaijan,AZE,0.1,0.1,0.1,0.1,0.1,0.1,0.1,0.1,0.1,0.1,0.1,0.1,0.1,0.1,0.1,0.1,0.1,0.1,0.1,0.1,0.1,0.1,0.1,0.1,0.1,0.1,0.1
Burundi,BDI,0.5,0.7,1,1.4,1.8,2.3,2.7,3.1,3.3,3.4,3.4,3.2,3,2.8,2.5,2.3,2.1,1.9,1.7,1.6,1.5,1.4,1.3,1.2,1.2,1.1,1.1
Belgium,BEL,,,,,,,,,,,,,,,,,,,,,,,,,,,
Benin,BEN,0.2,0.3,0.5,0.6,0.8,0.9,1.1,1.2,1.3,1.4,1.4,1.4,1.4,1.4,1.4,1.3,1.2,1.2,1.1,1.1,1.1,1.1,1.1,1,1,1,1
Burkina Faso,BFA,3.1,3.4,3.5,3.6,3.6,3.5,3.4,3.2,3,2.8,2.5,2.3,2.1,1.8,1.7,1.5,1.4,1.3,1.2,1.1,1.1,1,1,0.9,0.9,0.9,0.8
Bangladesh,BGD,0.1,0.1,0.1,0.1,0.1,0.1,0.1,0.1,0.1,0.1,0.1,0.1,0.1,0.1,0.1,0.1,0.1,0.1,0.1,0.1,0.1,0.1,0.1,0.1,0.1,0.1,0.1
Bulgaria,BGR,0.1,0.1,0.1,0.1,0.1,0.1,0.1,0.1,0.1,0.1,0.1,0.1,0.1,0.1,0.1,0.1,0.1,0.1,0.1,0.1,0.1,0.1,0.1,0.1,0.1,0.1,0.1
Bahrain,BHR,0.1,0.1,0.1,0.1,0.1,0.1,0.1,0.1,0.1,0.1,0.1,0.1,0.1,0.1,0.1,0.1,0.1,0.1,0.1,0.1,0.1,0.1,0.1,0.1,0.1,0.1,0.1
"Bahamas, The",BHS,1,1.3,1.5,1.8,2.1,2.3,2.5,2.7,2.8,2.9,2.9,3,3,3,3,2.9,2.9,2.9,2.9,3,3,3,3.1,3.1,3.1,3.2,3.3
Bosnia and Herzegovina,BIH,,,,,,,,,,,,,,,,,,,,,,,,,,,
Belarus,BLR,0.1,0.1,0.1,0.1,0.1,0.1,0.1,0.1,0.1,0.1,0.1,0.1,0.1,0.1,0.1,0.1,0.1,0.1,0.1,0.1,0.2,0.2,0.2,0.3,0.3,0.3,0.4
Belize,BLZ,0.1,0.1,0.1,0.1,0.1,0.1,0.1,0.2,0.3,0.4,0.6,0.8,1,1.2,1.4,1.5,1.6,1.7,1.8,1.8,1.8,1.9,1.9,1.9,1.9,1.8,1.8
Bermuda,BMU,,,,,,,,,,,,,,,,,,,,,,,,,,,
Bolivia,BOL,0.1,0.1,0.1,0.1,0.1,0.1,0.1,0.2,0.2,0.2,0.3,0.3,0.3,0.3,0.4,0.4,0.4,0.4,0.4,0.4,0.3,0.3,0.3,0.3,0.3,0.3,0.3
Brazil,BRA,0.2,0.2,0.2,0.2,0.3,0.3,0.3,0.3,0.3,0.3,0.3,0.4,0.4,0.4,0.4,0.4,0.5,0.5,0.5,0.5,0.5,0.5,0.5,0.6,0.6,0.6,0.6
Barbados,BRB,0.1,0.2,0.3,0.3,0.4,0.4,0.5,0.5,0.6,0.6,0.7,0.7,0.8,0.8,0.9,1,1,1.1,1.1,1.2,1.2,1.2,1.3,1.3,1.3,1.3,1.3
Brunei Darussalam,BRN,,,,,,,,,,,,,,,,,,,,,,,,,,,
Bhutan,BTN,,,,,,,,,,,,,,,,,,,,,,,,,,,
Botswana,BWA,7,9.5,12.3,15.3,18.2,20.8,23,24.7,25.9,26.6,26.9,26.8,26.3,25.7,25.1,24.6,24.1,23.7,23.4,23.2,23,22.9,22.7,22.6,22.4,22.2,21.9
Central African Republic,CAF,2.9,4.2,5.6,6.9,8.1,9.1,9.7,10,10,9.7,9.3,8.7,8.1,7.4,6.9,6.3,5.9,5.5,5.2,4.9,4.8,4.6,4.4,4.3,4.2,4.1,4
Canada,CAN,,,,,,,,,,,,,,,,,,,,,,,,,,,
Central Europe and the Baltics,CEB,,,,,,,,,,,,,,,,,,,,,,,,,,,
Switzerland,CHE,,,,,,,,,,,,,,,,,,,,,,,,,,,
Channel Islands,CHI,,,,,,,,,,,,,,,,,,,,,,,,,,,
Chile,CHL,0.1,0.1,0.1,0.1,0.2,0.2,0.2,0.2,0.2,0.2,0.2,0.2,0.2,0.3,0.3,0.3,0.3,0.3,0.3,0.4,0.4,0.4,0.4,0.5,0.5,0.5,0.5
China,CHN,,,,,,,,,,,,,,,,,,,,,,,,,,,
Cote d'Ivoire,CIV,3.3,3.8,4.4,4.9,5.4,5.8,6.1,6.3,6.4,6.4,6.3,6.1,5.9,5.6,5.3,5,4.7,4.4,4.2,4,3.8,3.6,3.4,3.2,3,2.8,2.7
Cameroon,CMR,0.8,1.1,1.4,1.8,2.2,2.7,3.1,3.6,4,4.3,4.6,4.8,5,5.1,5.1,5.1,5,4.9,4.8,4.7,4.6,4.5,4.3,4.2,4.1,3.9,3.8
"Congo, Dem. Rep.",COD,1.7,1.8,1.9,2,2.1,2.1,2.2,2.2,2.2,2.2,2.2,2.1,2,1.9,1.8,1.7,1.6,1.5,1.4,1.3,1.2,1.1,1,0.9,0.8,0.8,0.7
"Congo, Rep.",COG,3.3,3.9,4.5,4.9,5.1,5.2,5.2,5,4.8,4.6,4.3,4.1,3.8,3.6,3.4,3.3,3.2,3.1,3,3,3,3.1,3.1,3.1,3.1,3.1,3.1
Colombia,COL,0.1,0.1,0.2,0.2,0.3,0.3,0.4,0.4,0.4,0.4,0.4,0.4,0.4,0.4,0.4,0.4,0.4,0.4,0.4,0.4,0.4,0.4,0.4,0.4,0.4,0.4,0.4
Comoros,COM,0.1,0.1,0.1,0.1,0.1,0.1,0.1,0.1,0.1,0.1,0.1,0.1,0.1,0.1,0.1,0.1,0.1,0.1,0.1,0.1,0.1,0.1,0.1,0.1,0.1,0.1,0.1
Cabo Verde,CPV,0.5,0.6,0.7,0.8,0.9,0.9,1,1,1.1,1.1,1.1,1.1,1,1,1,0.9,0.9,0.9,0.8,0.8,0.8,0.8,0.8,0.8,0.8,0.8,0.8
Costa Rica,CRI,0.1,0.1,0.1,0.1,0.1,0.2,0.2,0.2,0.2,0.2,0.2,0.2,0.2,0.2,0.2,0.3,0.3,0.3,0.3,0.3,0.3,0.4,0.4,0.4,0.4,0.4,0.4
Caribbean small states,CSS,0.451174907,0.630628988,0.740347771,0.929533753,1.067500955,1.173744598,1.318721784,1.375878868,1.476126664,1.529014602,1.585732778,1.612992141,1.596665437,1.64171627,1.625316606,1.630418279,1.628335437,1.631375688,1.606613237,1.627578972,1.58677401,1.593666397,1.617252042,1.619349915,1.621139796,1.642949371,1.649911356
Cuba,CUB,0.1,0.1,0.1,0.1,0.1,0.1,0.1,0.1,0.1,0.1,0.1,0.1,0.1,0.1,0.1,0.1,0.1,0.1,0.1,0.1,0.2,0.2,0.2,0.3,0.3,0.3,0.4
Curacao,CUW,,,,,,,,,,,,,,,,,,,,,,,,,,,
Cayman Islands,CYM,,,,,,,,,,,,,,,,,,,,,,,,,,,
Cyprus,CYP,,,,,,,,,,,,,,,,,,,,,,,,,,,
Czech Republic,CZE,0.1,0.1,0.1,0.1,0.1,0.1,0.1,0.1,0.1,0.1,0.1,0.1,0.1,0.1,0.1,0.1,0.1,0.1,0.1,0.1,0.1,0.1,0.1,0.1,0.1,0.1,0.1
Germany,DEU,,,,,,,,,,,,,,,,,,,,,,,,,,,
Djibouti,DJI,0.1,0.3,0.4,0.6,0.9,1.2,1.6,1.9,2.3,2.5,2.7,2.8,2.8,2.8,2.7,2.5,2.3,2.2,2,1.9,1.8,1.6,1.6,1.5,1.4,1.4,1.3
Dominica,DMA,,,,,,,,,,,,,,,,,,,,,,,,,,,
Denmark,DNK,,,,,,,,,,,,,,,,,,,,,,,,,,,
Dominican Republic,DOM,0.6,0.9,1.2,1.4,1.7,2,2.2,2.3,2.3,2.4,2.3,2.3,2.2,2,1.9,1.8,1.7,1.5,1.4,1.4,1.3,1.2,1.2,1.1,1.1,1,1
Algeria,DZA,0.1,0.1,0.1,0.1,0.1,0.1,0.1,0.1,0.1,0.1,0.1,0.1,0.1,0.1,0.1,0.1,0.1,0.1,0.1,0.1,0.1,0.1,0.1,0.1,0.1,0.1,0.1
East Asia & Pacific (excluding high income),EAP,,,,,,,,,,,,,,,,,,,,,,,,,,,
Early-demographic dividend,EAR,0.271086119,0.312843939,0.366997805,0.422290633,0.527746334,0.59148886,0.648532759,0.748183432,0.787724124,0.817154418,0.881173878,0.888990702,0.89043027,0.893906247,0.88800349,0.877042979,0.832809327,0.823418779,0.816509696,0.827742486,0.822154109,0.816575499,0.81640533,0.815347861,0.812990806,0.811766602,0.810934202
East Asia & Pacific,EAS,,,,,,,,,,,,,,,,,,,,,,,,,,,
Europe & Central Asia (excluding high income),ECA,,,,,,,,,,,,,,,,,,,,,,,,,,,
Europe & Central Asia,ECS,,,,,,,,,,,,,,,,,,,,,,,,,,,
Ecuador,ECU,0.1,0.2,0.2,0.2,0.2,0.3,0.3,0.3,0.3,0.3,0.3,0.3,0.3,0.3,0.3,0.3,0.3,0.3,0.3,0.3,0.3,0.3,0.3,0.3,0.3,0.3,0.3
"Egypt, Arab Rep.",EGY,0.1,0.1,0.1,0.1,0.1,0.1,0.1,0.1,0.1,0.1,0.1,0.1,0.1,0.1,0.1,0.1,0.1,0.1,0.1,0.1,0.1,0.1,0.1,0.1,0.1,0.1,0.1
Euro area,EMU,,,,,,,,,,,,,,,,,,,,,,,,,,,
Eritrea,ERI,0.3,0.4,0.7,1,1.2,1.5,1.7,1.8,1.8,1.9,1.8,1.8,1.7,1.5,1.4,1.3,1.2,1.1,1,0.9,0.8,0.8,0.7,0.7,0.7,0.6,0.6
Spain,ESP,0.4,0.4,0.4,0.4,0.4,0.4,0.4,0.4,0.4,0.4,0.4,0.4,0.4,0.4,0.4,0.4,0.4,0.4,0.4,0.4,0.4,0.4,0.4,0.4,0.4,0.4,0.4
Estonia,EST,,,,,,,,,,,,,,,,,,,,,,,,,,,
Ethiopia,ETH,1.5,1.9,2.4,2.8,3.1,3.4,3.7,3.8,3.8,3.7,3.5,3.3,3,2.7,2.5,2.2,2,1.8,1.6,1.5,1.4,1.3,1.2,1.2,1.1,1.1,1.1
European Union,EUU,,,,,,,,,,,,,,,,,,,,,,,,,,,
Fragile and conflict affected situations,FCS,1.57260732,1.804033363,2.055717411,2.295779451,2.482076638,2.669665473,2.814345006,2.940219257,3.047624912,3.116488054,3.16254134,3.145471509,3.128556732,3.071970117,3.012239229,2.937437485,2.866280868,2.799296157,2.733914912,2.67138144,2.609017702,2.519030624,2.457859241,2.373334995,2.295134585,2.231187964,2.162651859
Finland,FIN,,,,,,,,,,,,,,,,,,,,,,,,,,,
Fiji,FJI,0.1,0.1,0.1,0.1,0.1,0.1,0.1,0.1,0.1,0.1,0.1,0.1,0.1,0.1,0.1,0.1,0.1,0.1,0.1,0.1,0.1,0.1,0.1,0.1,0.1,0.1,0.1
France,FRA,0.3,0.3,0.3,0.3,0.3,0.3,0.3,0.3,0.3,0.3,0.3,0.3,0.3,0.3,0.3,0.3,0.4,0.4,0.4,0.4,0.4,0.4,0.4,0.4,0.4,0.4,0.4
Faroe Islands,FRO,,,,,,,,,,,,,,,,,,,,,,,,,,,
"Micronesia, Fed. Sts.",FSM,,,,,,,,,,,,,,,,,,,,,,,,,,,
Gabon,GAB,1.1,1.5,1.9,2.5,3,3.6,4.2,4.8,5.3,5.7,5.9,6.1,6.1,6,5.8,5.7,5.4,5.2,5,4.7,4.5,4.3,4.1,4,3.9,3.7,3.6
United Kingdom,GBR,,,,,,,,,,,,,,,,,,,,,,,,,,,
Georgia,GEO,0.1,0.1,0.1,0.1,0.1,0.1,0.1,0.1,0.1,0.1,0.1,0.1,0.1,0.1,0.1,0.1,0.2,0.2,0.2,0.2,0.3,0.3,0.3,0.4,0.4,0.4,0.5
Ghana,GHA,1.5,2,2.6,3.2,3.8,4.2,4.4,4.5,4.5,4.4,4.2,4,3.7,3.5,3.2,2.9,2.7,2.4,2.2,2.1,1.9,1.8,1.8,1.7,1.7,1.6,1.6
Gibraltar,GIB,,,,,,,,,,,,,,,,,,,,,,,,,,,
Guinea,GIN,0.8,1,1.2,1.4,1.5,1.7,1.8,1.8,1.8,1.8,1.8,1.8,1.8,1.8,1.7,1.7,1.7,1.7,1.7,1.6,1.6,1.6,1.6,1.6,1.6,1.5,1.5
"Gambia, The",GMB,0.1,0.1,0.2,0.3,0.4,0.5,0.7,0.8,1,1.2,1.4,1.6,1.8,1.9,2,2.1,2.2,2.2,2.2,2.1,2.1,2,2,1.9,1.9,1.8,1.7
Guinea-Bissau,GNB,0.2,0.3,0.4,0.5,0.7,0.9,1.1,1.5,1.9,2.3,2.7,3.2,3.6,4,4.4,4.6,4.7,4.7,4.7,4.5,4.4,4.2,3.9,3.7,3.5,3.3,3.1
Equatorial Guinea,GNQ,2,2.1,2.2,2.4,2.5,2.6,2.8,2.9,3.1,3.3,3.5,3.7,4,4.2,4.5,4.8,5,5.3,5.5,5.7,5.8,5.9,6,6.1,6.1,6.2,6.2
Greece,GRC,,,,,,,,,,,,,,,,,,,,,,,,,,,
Grenada,GRD,,,,,,,,,,,,,,,,,,,,,,,,,,,
Greenland,GRL,,,,,,,,,,,,,,,,,,,,,,,,,,,
Guatemala,GTM,0.1,0.1,0.1,0.1,0.1,0.1,0.1,0.1,0.2,0.2,0.2,0.3,0.3,0.4,0.4,0.4,0.4,0.5,0.5,0.5,0.5,0.5,0.5,0.5,0.5,0.5,0.5
Guam,GUM,,,,,,,,,,,,,,,,,,,,,,,,,,,
Guyana,GUY,0.1,0.1,0.1,0.2,0.2,0.3,0.4,0.5,0.6,0.7,0.8,0.9,1,1.1,1.2,1.2,1.3,1.3,1.4,1.4,1.4,1.4,1.5,1.5,1.5,1.6,1.6
High income,HIC,,,,,,,,,,,,,,,,,,,,,,,,,,,
"Hong Kong SAR, China",HKG,,,,,,,,,,,,,,,,,,,,,,,,,,,
Honduras,HND,0.7,0.9,1,1.1,1.2,1.2,1.3,1.3,1.2,1.2,1.1,1,1,0.9,0.8,0.7,0.7,0.6,0.6,0.6,0.5,0.5,0.5,0.4,0.4,0.4,0.4
Heavily indebted poor countries (HIPC),HPC,2.547532925,2.865604165,3.185718243,3.462943915,3.691599938,3.883288607,4.045631819,4.146434546,4.202113342,4.190029231,4.13074141,4.052035121,3.928769835,3.78725901,3.661411843,3.506696271,3.377593592,3.256784058,3.155965244,3.071803602,2.989492444,2.904174745,2.831296937,2.749879818,2.677808176,2.607609952,2.539046262
Croatia,HRV,0.1,0.1,0.1,0.1,0.1,0.1,0.1,0.1,0.1,0.1,0.1,0.1,0.1,0.1,0.1,0.1,0.1,0.1,0.1,0.1,0.1,0.1,0.1,0.1,0.1,0.1,0.1
Haiti,HTI,3.7,3.9,4,4,3.9,3.8,3.6,3.4,3.3,3.1,2.9,2.8,2.6,2.5,2.4,2.4,2.3,2.3,2.3,2.3,2.2,2.2,2.2,2.2,2.2,2.1,2.1
Hungary,HUN,,,,,,,,,,,,,,,,,,,,,,,,,,,
IBRD only,IBD,,,,,,,,,,,,,,,,,,,,,,,,,,,
IDA & IBRD total,IBT,,0.641247657,0.732538973,0.817084238,0.938977038,1.018941287,1.091584055,1.184618473,1.231088196,1.260374523,1.308119399,1.321978291,1.313962851,1.305756504,1.289469512,1.271022314,1.231017156,1.213731733,1.200461599,1.200327707,1.190395229,1.179645018,1.173312782,1.169537162,1.165493077,1.155827519,1.146410903
IDA total,IDA,1.688886895,1.919639224,2.15776884,2.371233425,2.56139924,2.731185025,2.86212298,2.960299261,3.012916598,3.027857262,3.013161783,2.962743381,2.887880224,2.797373054,2.703659051,2.600031829,2.511717322,2.433168937,2.366433273,2.315483313,2.26095154,2.205217977,2.160265975,2.111154596,2.076597545,2.033452937,1.986637884
IDA blend,IDB,1.782065721,2.076830573,2.361809961,2.621465756,2.881172543,3.110919583,3.283392749,3.4288744,3.488869655,3.528656697,3.547419633,3.494338516,3.405326955,3.309563286,3.183953501,3.06281821,2.953205401,2.862713233,2.774665197,2.711935569,2.643091398,2.584788733,2.524406039,2.466688418,2.444970997,2.38432577,2.319760253
Indonesia,IDN,0.1,0.1,0.1,0.1,0.1,0.1,0.1,0.1,0.1,0.1,0.1,0.1,0.1,0.2,0.2,0.2,0.3,0.3,0.3,0.4,0.4,0.4,0.4,0.4,0.4,0.4,0.4
IDA only,IDX,1.64447735,1.844849334,2.060839494,2.2525136,2.409859585,2.551421138,2.662567886,2.738254062,2.787288608,2.790284094,2.759430412,2.710089876,2.641604483,2.553166691,2.47430027,2.378801804,2.300377877,2.227423304,2.170887582,2.125600249,2.077942094,2.023820003,1.986547762,1.941822505,1.901472739,1.866995303,1.828972013
Isle of Man,IMN,,,,,,,,,,,,,,,,,,,,,,,,,,,
India,IND,0.1,0.1,0.1,0.1,0.2,0.2,0.2,0.3,0.3,0.3,0.4,0.4,0.4,0.4,0.4,0.4,0.3,0.3,0.3,0.3,0.3,0.3,0.3,0.3,0.3,0.3,0.3
Not classified,INX,,,,,,,,,,,,,,,,,,,,,,,,,,,
Ireland,IRL,0.1,0.1,0.1,0.1,0.1,0.1,0.1,0.1,0.1,0.1,0.1,0.1,0.1,0.1,0.2,0.2,0.2,0.2,0.2,0.2,0.2,0.2,0.2,0.2,0.2,0.2,0.2
"Iran, Islamic Rep.",IRN,0.1,0.1,0.1,0.1,0.1,0.1,0.1,0.1,0.1,0.1,0.1,0.1,0.1,0.1,0.1,0.1,0.1,0.1,0.1,0.1,0.1,0.1,0.1,0.1,0.1,0.1,0.1
Iraq,IRQ,,,,,,,,,,,,,,,,,,,,,,,,,,,
Iceland,ISL,,,,,,,,,,,,,,,,,,,,,,,,,,,
Israel,ISR,,,,,,,,,,,,,,,,,,,,,,,,,,,
Italy,ITA,0.1,0.1,0.2,0.2,0.2,0.2,0.3,0.3,0.3,0.3,0.3,0.3,0.3,0.3,0.3,0.3,0.3,0.3,0.3,0.3,0.3,0.3,0.3,0.3,0.3,0.3,0.3
Jamaica,JAM,0.8,1.1,1.3,1.6,1.8,1.9,2.1,2.1,2.2,2.2,2.2,2.2,2.1,2.1,2,2,1.9,1.9,1.8,1.8,1.7,1.7,1.7,1.7,1.7,1.7,1.7
Jordan,JOR,0.1,0.1,0.1,0.1,0.1,0.1,0.1,0.1,0.1,0.1,0.1,0.1,0.1,0.1,0.1,0.1,0.1,0.1,0.1,0.1,0.1,0.1,0.1,0.1,0.1,0.1,0.1
Japan,JPN,,,,,,,,,,,,,,,,,,,,,,,,,,,
Kazakhstan,KAZ,0.1,0.1,0.1,0.1,0.1,0.1,0.1,0.1,0.1,0.1,0.1,0.1,0.1,0.1,0.1,0.1,0.1,0.1,0.1,0.1,0.1,0.2,0.2,0.2,0.2,0.2,0.2
Kenya,KEN,5.9,7.1,8.3,9.3,10.1,10.7,11,11.1,10.9,10.6,10.2,9.6,9,8.4,7.9,7.4,7,6.7,6.4,6.3,6.1,6,5.9,5.8,5.7,5.6,5.4
Kyrgyz Republic,KGZ,0.1,0.1,0.1,0.1,0.1,0.1,0.1,0.1,0.1,0.1,0.1,0.1,0.1,0.1,0.1,0.1,0.1,0.1,0.1,0.1,0.2,0.2,0.2,0.2,0.2,0.2,0.2
Cambodia,KHM,0.1,0.1,0.3,0.5,0.9,1.3,1.5,1.7,1.7,1.7,1.6,1.5,1.4,1.3,1.2,1.1,1,0.9,0.9,0.9,0.8,0.8,0.7,0.7,0.6,0.6,0.6
Kiribati,KIR,,,,,,,,,,,,,,,,,,,,,,,,,,,
St. Kitts and Nevis,KNA,,,,,,,,,,,,,,,,,,,,,,,,,,,
"Korea, Rep.",KOR,,,,,,,,,,,,,,,,,,,,,,,,,,,
Kuwait,KWT,0.1,0.1,0.1,0.1,0.1,0.1,0.1,0.1,0.1,0.1,0.1,0.1,0.1,0.1,0.1,0.1,0.1,0.1,0.1,0.1,0.1,0.1,0.1,0.1,0.1,0.1,0.1
Latin America & Caribbean (excluding high income),LAC,0.272882146,0.288445737,0.307201166,0.313971284,0.371863334,0.379610815,0.391976081,0.399726444,0.400394364,0.394712705,0.397015573,0.440401226,0.436868823,0.433458787,0.434653646,0.428835367,0.461581829,0.459108002,0.457121659,0.477779836,0.478773473,0.478008048,0.477205409,0.510194545,0.511190531,0.502679095,0.504287775
Lao PDR,LAO,0.1,0.1,0.1,0.1,0.1,0.1,0.1,0.1,0.1,0.1,0.1,0.1,0.1,0.2,0.2,0.2,0.2,0.2,0.3,0.3,0.3,0.3,0.3,0.3,0.3,0.3,0.3
Lebanon,LBN,0.1,0.1,0.1,0.1,0.1,0.1,0.1,0.1,0.1,0.1,0.1,0.1,0.1,0.1,0.1,0.1,0.1,0.1,0.1,0.1,0.1,0.1,0.1,0.1,0.1,0.1,0.1
Liberia,LBR,2.7,3.2,3.6,4,4.3,4.4,4.5,4.6,4.5,4.4,4.2,4,3.7,3.4,3.2,2.9,2.7,2.4,2.2,2.1,1.9,1.8,1.8,1.7,1.7,1.6,1.6
Libya,LBY,,,,,,,,,,,,,,,,,,,,,,,,,,,
St. Lucia,LCA,,,,,,,,,,,,,,,,,,,,,,,,,,,
Latin America & Caribbean,LCN,0.266048239,0.281555566,0.299778753,0.30679749,0.366615197,0.374486637,0.387447262,0.395301532,0.396353311,0.391836461,0.39437317,0.436721213,0.43339868,0.43388952,0.435082701,0.429467282,0.461206105,0.458865259,0.456947593,0.479794092,0.480732118,0.479964774,0.479265973,0.513816778,0.514737479,0.506553125,0.508132071
Least developed countries: UN classification,LDC,1.629674657,1.815909745,2.014809505,2.187195121,2.324384323,2.455001854,2.561230418,2.632930839,2.685896155,2.69423001,2.672920731,2.635081834,2.578708137,2.501512607,2.43567089,2.352567379,2.284335544,2.223370223,2.175824715,2.137357468,2.097071713,2.049050212,2.012346793,1.973594629,1.9347111,1.907637916,1.869030706
Low income,LIC,3.01131692,3.357291823,3.689067796,3.968715113,4.177547031,4.35550864,4.508295543,4.587610341,4.636332029,4.608047286,4.534585764,4.441336028,4.308012762,4.147340251,4.005136202,3.833696426,3.691724635,3.565129497,3.448976286,3.349950531,3.256792044,3.152510055,3.066270587,2.970740873,2.879507766,2.803330211,2.718049115
Liechtenstein,LIE,,,,,,,,,,,,,,,,,,,,,,,,,,,
Sri Lanka,LKA,0.1,0.1,0.1,0.1,0.1,0.1,0.1,0.1,0.1,0.1,0.1,0.1,0.1,0.1,0.1,0.1,0.1,0.1,0.1,0.1,0.1,0.1,0.1,0.1,0.1,0.1,0.1
Lower middle income,LMC,0.307509027,0.3511481,0.400751939,0.447870876,0.547076509,0.593181087,0.630308574,0.711499181,0.735630293,0.75178697,0.807309614,0.809777467,0.802280674,0.80246381,0.789021885,0.777484966,0.726994565,0.714252399,0.705097856,0.709773238,0.701542978,0.695652281,0.69071232,0.687554215,0.688741583,0.683927679,0.678207514
Low & middle income,LMY,0.559907613,0.642474183,0.733989579,0.818705936,0.940270213,1.020411453,1.093112482,1.186359939,1.232930423,1.262179324,1.310022897,1.323848418,1.31582903,1.307037253,1.290726808,1.272251506,1.232126679,1.214816548,1.201533715,1.200995926,1.191358392,1.18061015,1.174296426,1.170401898,1.166380766,1.156721114,1.147549905
Lesotho,LSO,1.3,2.5,4.2,6.4,9.2,12.2,15.2,17.9,19.9,21.5,22.5,23,23.2,23.2,23,22.8,22.6,22.6,22.8,23,23.3,23.7,24.1,24.4,24.7,24.9,25
Late-demographic dividend,LTE,,,,,,,,,,,,,,,,,,,,,,,,,,,
Lithuania,LTU,0.1,0.1,0.1,0.1,0.1,0.1,0.1,0.1,0.1,0.1,0.1,0.1,0.1,0.1,0.1,0.1,0.1,0.1,0.1,0.1,0.1,0.1,0.1,0.1,0.2,0.2,0.2
Luxembourg,LUX,,,,,,,,,,,,,,,,,,,,,,,,,,,
Latvia,LVA,0.1,0.1,0.2,0.3,0.4,0.4,0.4,0.5,0.5,0.5,0.5,0.5,0.5,0.5,0.5,0.5,0.6,0.6,0.6,0.6,0.6,0.6,0.6,0.6,0.6,0.6,0.7
"Macao SAR, China",MAC,,,,,,,,,,,,,,,,,,,,,,,,,,,
St. Martin (French part),MAF,,,,,,,,,,,,,,,,,,,,,,,,,,,
Morocco,MAR,0.1,0.1,0.1,0.1,0.1,0.1,0.1,0.1,0.1,0.1,0.1,0.1,0.1,0.1,0.1,0.1,0.1,0.1,0.1,0.1,0.1,0.1,0.1,0.1,0.1,0.1,0.1
Monaco,MCO,,,,,,,,,,,,,,,,,,,,,,,,,,,
Moldova,MDA,0.1,0.1,0.1,0.1,0.1,0.1,0.1,0.1,0.1,0.1,0.1,0.2,0.2,0.2,0.2,0.2,0.3,0.3,0.3,0.3,0.4,0.4,0.4,0.5,0.5,0.5,0.6
Madagascar,MDG,0.1,0.1,0.1,0.1,0.1,0.1,0.1,0.1,0.2,0.2,0.2,0.2,0.2,0.2,0.2,0.2,0.2,0.2,0.2,0.2,0.2,0.2,0.2,0.2,0.2,0.2,0.2
Maldives,MDV,,,,,,,,,,,,,,,,,,,,,,,,,,,
Middle East & North Africa,MEA,0.1,0.100556351,0.100834741,0.101370381,0.102159199,0.102904453,0.103943898,0.104720053,0.105763036,0.106295225,0.106841524,0.107067493,0.107045862,0.107033414,0.106760955,0.106229078,0.105717332,0.105465974,0.104955945,0.104709756,0.10446686,0.103959582,0.103980514,0.103737883,0.103494708,0.10352062,0.103273949
Mexico,MEX,0.2,0.2,0.2,0.2,0.2,0.2,0.2,0.2,0.2,0.2,0.2,0.2,0.2,0.2,0.2,0.2,0.2,0.2,0.2,0.3,0.3,0.3,0.3,0.3,0.3,0.3,0.3
Marshall Islands,MHL,,,,,,,,,,,,,,,,,,,,,,,,,,,
Middle income,MIC,,,,,,,,,,,,,,0.973702623,0.968213512,0.963898502,0.932380125,0.924567638,0.920003753,0.927653757,0.924248915,0.92113055,0.920719278,0.924431875,0.927658963,0.922616097,0.919783163
"Macedonia, FYR",MKD,0.1,0.1,0.1,0.1,0.1,0.1,0.1,0.1,0.1,0.1,0.1,0.1,0.1,0.1,0.1,0.1,0.1,0.1,0.1,0.1,0.1,0.1,0.1,0.1,0.1,0.1,0.1
Mali,MLI,1,1.1,1.2,1.3,1.3,1.4,1.5,1.5,1.6,1.6,1.6,1.6,1.6,1.6,1.6,1.5,1.5,1.4,1.4,1.3,1.3,1.2,1.2,1.1,1.1,1,1
Malta,MLT,0.1,0.1,0.1,0.1,0.1,0.1,0.1,0.1,0.1,0.1,0.1,0.1,0.1,0.1,0.1,0.1,0.1,0.1,0.1,0.1,0.1,0.1,0.1,0.1,0.1,0.1,0.1
Myanmar,MMR,0.1,0.1,0.2,0.3,0.3,0.4,0.4,0.5,0.6,0.7,0.8,0.8,0.9,0.9,0.9,0.9,0.9,0.9,0.9,0.9,0.9,0.8,0.8,0.8,0.8,0.8,0.8
Middle East & North Africa (excluding high income),MNA,0.1,0.100620818,0.100919781,0.101509069,0.102376413,0.103223811,0.104377991,0.105241292,0.106401383,0.106993443,0.107600608,0.107858364,0.107841712,0.107836516,0.107543461,0.106962346,0.106409048,0.106146983,0.105592199,0.105332284,0.105073706,0.10451262,0.104551106,0.104286253,0.104017247,0.104054624,0.103776472
Montenegro,MNE,0.1,0.1,0.1,0.1,0.1,0.1,0.1,0.1,0.1,0.1,0.1,0.1,0.1,0.1,0.1,0.1,0.1,0.1,0.1,0.1,0.1,0.1,0.1,0.1,0.1,0.1,0.1
Mongolia,MNG,0.1,0.1,0.1,0.1,0.1,0.1,0.1,0.1,0.1,0.1,0.1,0.1,0.1,0.1,0.1,0.1,0.1,0.1,0.1,0.1,0.1,0.1,0.1,0.1,0.1,0.1,0.1
Northern Mariana Islands,MNP,,,,,,,,,,,,,,,,,,,,,,,,,,,
Mozambique,MOZ,1.8,2.3,2.9,3.6,4.4,5.3,6.3,7.3,8.4,9.4,10.4,11.4,12.2,12.9,13.4,13.7,13.9,14.1,14.1,14.1,14,13.8,13.7,13.4,13,12.7,12.3
Mauritania,MRT,0.1,0.2,0.2,0.3,0.3,0.4,0.5,0.6,0.7,0.8,0.8,0.9,0.9,0.9,0.9,0.9,0.8,0.8,0.8,0.7,0.7,0.7,0.6,0.6,0.5,0.5,0.5
Mauritius,MUS,,,,,,,,,,,,,,,,,,,,,,,,,,,
Malawi,MWI,9.1,10.3,11.5,12.5,13.4,14.1,14.6,15,15.3,15.3,15.2,15,14.5,14,13.5,12.9,12.3,11.9,11.5,11.2,10.9,10.6,10.3,10,9.7,9.5,9.2
Malaysia,MYS,0.1,0.3,0.4,0.5,0.6,0.6,0.6,0.7,0.7,0.7,0.7,0.7,0.7,0.7,0.7,0.7,0.6,0.6,0.6,0.6,0.6,0.5,0.5,0.5,0.5,0.4,0.4
North America,NAC,,,,,,,,,,,,,,,,,,,0.5,0.5,0.5,0.5,0.5,0.5,0.5,,
Namibia,NAM,1.6,2.5,3.7,5.3,7.1,9,10.8,12.5,13.8,14.8,15.5,15.8,15.9,15.7,15.3,15,14.7,14.4,14.3,14.3,14.2,14.2,14.2,14.1,14.1,14,13.8
New Caledonia,NCL,,,,,,,,,,,,,,,,,,,,,,,,,,,
Niger,NER,0.3,0.4,0.5,0.6,0.7,0.8,0.9,1,1.1,1.1,1.1,1.2,1.2,1.1,1.1,1,1,0.9,0.8,0.7,0.7,0.6,0.6,0.5,0.5,0.5,0.4
Nigeria,NGA,1.6,1.8,2,2.2,2.5,2.8,3.1,3.4,3.6,3.8,4,4.1,4.1,4.1,4,3.9,3.8,3.7,3.6,3.5,3.4,3.3,3.2,3.1,3.1,3,2.9
Nicaragua,NIC,0.1,0.2,0.2,0.2,0.3,0.3,0.3,0.4,0.4,0.4,0.4,0.4,0.4,0.4,0.3,0.3,0.3,0.3,0.3,0.3,0.3,0.3,0.3,0.2,0.2,0.2,0.2
Netherlands,NLD,0.1,0.1,0.1,0.1,0.1,0.1,0.1,0.1,0.1,0.1,0.1,0.1,0.1,0.2,0.2,0.2,0.2,0.2,0.2,0.2,0.2,0.2,0.2,0.2,0.2,0.2,0.2
Norway,NOR,,,,,,,,,,,,,,,,,,,,,,,,,,,
Nepal,NPL,0.1,0.1,0.1,0.1,0.1,0.1,0.1,0.1,0.2,0.2,0.2,0.2,0.3,0.3,0.3,0.3,0.3,0.3,0.3,0.3,0.2,0.2,0.2,0.2,0.2,0.2,0.2
Nauru,NRU,,,,,,,,,,,,,,,,,,,,,,,,,,,
New Zealand,NZL,,,,,,,,,,,,,,,,,,,,,,,,,,,
OECD members,OED,,,,,,,,,,,,,,,,,,,,,,,,,,,
Oman,OMN,,,,,,,,,,,,,,,,,,,,,,,,,,,
Other small states,OSS,1.514642787,2.260293316,3.219735489,4.400595746,5.720961382,7.047058476,8.296083046,9.372747998,10.20506722,10.80048231,11.15427021,11.25702241,11.18871447,10.99379266,10.70961087,10.4148227,10.03649455,9.694965187,9.421889784,9.185907277,9.019696895,8.923472222,8.848826998,8.794184541,8.742111933,8.661323233,8.537096428
Pakistan,PAK,0.1,0.1,0.1,0.1,0.1,0.1,0.1,0.1,0.1,0.1,0.1,0.1,0.1,0.1,0.1,0.1,0.1,0.1,0.1,0.1,0.1,0.1,0.1,0.1,0.1,0.1,0.1
Panama,PAN,0.3,0.4,0.5,0.6,0.7,0.7,0.7,0.7,0.7,0.7,0.7,0.7,0.7,0.7,0.7,0.7,0.7,0.7,0.7,0.7,0.8,0.8,0.8,0.8,0.8,0.8,0.8
Peru,PER,0.6,0.6,0.6,0.6,0.6,0.6,0.6,0.6,0.6,0.5,0.5,0.5,0.5,0.5,0.5,0.4,0.4,0.4,0.4,0.4,0.4,0.4,0.4,0.4,0.4,0.3,0.3
Philippines,PHL,0.1,0.1,0.1,0.1,0.1,0.1,0.1,0.1,0.1,0.1,0.1,0.1,0.1,0.1,0.1,0.1,0.1,0.1,0.1,0.1,0.1,0.1,0.1,0.1,0.1,0.1,0.1
Palau,PLW,,,,,,,,,,,,,,,,,,,,,,,,,,,
Papua New Guinea,PNG,0.1,0.1,0.1,0.1,0.2,0.3,0.3,0.4,0.5,0.6,0.7,0.8,0.9,1,1,1,1,1,1,1,0.9,0.9,0.9,0.9,0.9,0.9,0.9
Poland,POL,,,,,,,,,,,,,,,,,,,,,,,,,,,
Pre-demographic dividend,PRE,2.65117627,2.97584832,3.294296379,3.575841008,3.84363875,4.077780217,4.275228681,4.429429223,4.524016467,4.570999999,4.585195682,4.546788654,4.459018662,4.351999303,4.228133249,4.090900075,3.966989926,3.853988645,3.756660024,3.672579527,3.586215592,3.500803401,3.417964181,3.322390113,3.263726447,3.179825715,3.082608714
Puerto Rico,PRI,,,,,,,,,,,,,,,,,,,,,,,,,,,
"Korea, Dem. People¡¯s Rep.",PRK,,,,,,,,,,,,,,,,,,,,,,,,,,,
Portugal,PRT,,,,,,,,,,,,,,,,,,,,,,,,,,,
Paraguay,PRY,0.1,0.1,0.1,0.1,0.1,0.1,0.2,0.2,0.2,0.2,0.3,0.3,0.3,0.3,0.3,0.4,0.4,0.4,0.4,0.4,0.4,0.4,0.4,0.4,0.5,0.5,0.5
West Bank and Gaza,PSE,,,,,,,,,,,,,,,,,,,,,,,,,,,
Pacific island small states,PSS,,,,,,,,,,,,,,,,,,,,,,,,,,,
Post-demographic dividend,PST,,,,,,,,,,,,,,,,,,,,,,,,,,,
French Polynesia,PYF,,,,,,,,,,,,,,,,,,,,,,,,,,,
Qatar,QAT,0.1,0.1,0.1,0.1,0.1,0.1,0.1,0.1,0.1,0.1,0.1,0.1,0.1,0.1,0.1,0.1,0.1,0.1,0.1,0.1,0.1,0.1,0.1,0.1,0.1,0.1,0.1
Romania,ROU,0.1,0.1,0.1,0.1,0.1,0.1,0.1,0.1,0.1,0.1,0.1,0.1,0.1,0.1,0.1,0.1,0.1,0.1,0.1,0.1,0.1,0.1,0.1,0.1,0.1,0.1,0.1
Russian Federation,RUS,,,,,,,,,,,,,,,,,,,,,,,,,,,
Rwanda,RWA,2.2,2.8,3.3,3.9,4.3,4.7,5.1,5.3,5.4,5.3,5.2,5,4.8,4.5,4.2,4,3.8,3.7,3.6,3.5,3.5,3.4,3.4,3.3,3.2,3.2,3.1
South Asia,SAS,0.1,0.1,0.1,0.1,0.177540405,0.177448342,0.177364358,0.254598293,0.256078774,0.255906725,0.33270764,0.332260886,0.333308835,0.332736697,0.332209361,0.331768594,0.255325121,0.255169707,0.255049857,0.254931668,0.253261982,0.253093344,0.25291139,0.252726705,0.25255069,0.252390323,0.252273849
Saudi Arabia,SAU,0.1,0.1,0.1,0.1,0.1,0.1,0.1,0.1,0.1,0.1,0.1,0.1,0.1,0.1,0.1,0.1,0.1,0.1,0.1,0.1,0.1,0.1,0.1,0.1,0.1,0.1,0.1
Sudan,SDN,0.1,0.1,0.1,0.1,0.1,0.1,0.1,0.1,0.1,0.1,0.1,0.1,0.1,0.1,0.2,0.2,0.2,0.2,0.2,0.2,0.2,0.2,0.2,0.2,0.2,0.2,0.2
Senegal,SEN,0.2,0.2,0.2,0.3,0.3,0.4,0.4,0.5,0.6,0.6,0.7,0.7,0.7,0.8,0.8,0.8,0.7,0.7,0.7,0.7,0.6,0.6,0.6,0.5,0.5,0.5,0.4
Singapore,SGP,,,,,,,,,,,,,,,,,,,,,,,,,,,
Solomon Islands,SLB,,,,,,,,,,,,,,,,,,,,,,,,,,,
Sierra Leone,SLE,0.4,0.4,0.5,0.6,0.6,0.7,0.7,0.8,0.9,0.9,1,1.1,1.2,1.3,1.4,1.5,1.6,1.6,1.7,1.7,1.7,1.7,1.7,1.7,1.7,1.7,1.7
El Salvador,SLV,0.3,0.3,0.4,0.4,0.5,0.5,0.5,0.6,0.6,0.6,0.6,0.6,0.7,0.7,0.7,0.7,0.7,0.7,0.7,0.7,0.7,0.7,0.6,0.6,0.6,0.6,0.6
San Marino,SMR,,,,,,,,,,,,,,,,,,,,,,,,,,,
Somalia,SOM,0.1,0.1,0.2,0.3,0.3,0.4,0.4,0.5,0.6,0.6,0.6,0.6,0.7,0.6,0.6,0.6,0.6,0.6,0.5,0.5,0.5,0.5,0.5,0.4,0.4,0.4,0.4
Serbia,SRB,0.1,0.1,0.1,0.1,0.1,0.1,0.1,0.1,0.1,0.1,0.1,0.1,0.1,0.1,0.1,0.1,0.1,0.1,0.1,0.1,0.1,0.1,0.1,0.1,0.1,0.1,0.1
Sub-Saharan Africa (excluding high income),SSA,2.65523034,3.063906258,3.510383266,3.935602314,4.36373365,4.775354502,5.14804262,5.458812118,5.66885507,5.809133308,5.875828823,5.869816105,5.794595016,5.684498945,5.557173121,5.403176213,5.264913323,5.12976177,5.010750493,4.916818746,4.814557677,4.715331457,4.63023955,4.532289703,4.456163133,4.367364921,4.263654121
South Sudan,SSD,0.1,0.1,0.1,0.3,0.4,0.7,1,1.3,1.7,2.1,2.5,2.9,3.1,3.3,3.4,3.5,3.5,3.4,3.3,3.3,3.2,3.1,3,2.9,2.8,2.8,2.7
Sub-Saharan Africa,SSF,2.65523034,3.063906258,3.510383266,3.935602314,4.36373365,4.775354502,5.14804262,5.458812118,5.66885507,5.809133308,5.875828823,5.869816105,5.794595016,5.684498945,5.557173121,5.403176213,5.264913323,5.12976177,5.010750493,4.916818746,4.814557677,4.715331457,4.63023955,4.532289703,4.456163133,4.367364921,4.263654121
Small states,SST,1.1114645,1.649225551,2.30659171,3.138311548,4.052133018,4.968513624,5.853612822,6.607937568,7.221682084,7.670921891,7.964950392,8.076548157,8.062990121,7.9841032,7.83138033,7.681616575,7.48157908,7.306327511,7.167482583,7.058910094,6.97769757,6.95185966,6.941389162,6.936918473,6.931721887,6.907684671,6.843481897
Sao Tome and Principe,STP,,,,,,,,,,,,,,,,,,,,,,,,,,,
Suriname,SUR,0.2,0.3,0.4,0.5,0.6,0.8,0.9,1,1.1,1.2,1.3,1.3,1.3,1.3,1.3,1.3,1.3,1.2,1.2,1.3,1.3,1.3,1.3,1.3,1.3,1.4,1.4
Slovak Republic,SVK,0.1,0.1,0.1,0.1,0.1,0.1,0.1,0.1,0.1,0.1,0.1,0.1,0.1,0.1,0.1,0.1,0.1,0.1,0.1,0.1,0.1,0.1,0.1,0.1,0.1,0.1,0.1
Slovenia,SVN,0.1,0.1,0.1,0.1,0.1,0.1,0.1,0.1,0.1,0.1,0.1,0.1,0.1,0.1,0.1,0.1,0.1,0.1,0.1,0.1,0.1,0.1,0.1,0.1,0.1,0.1,0.1
Sweden,SWE,0.1,0.1,0.1,0.1,0.1,0.1,0.1,0.1,0.1,0.1,0.1,0.1,0.1,0.1,0.1,0.1,0.1,0.1,0.1,0.1,0.1,0.2,0.2,0.2,0.2,0.2,0.2
Swaziland,SWZ,1.9,3.8,6.7,10.4,14.7,18.9,22.6,25.5,27.7,29.1,29.8,30,29.9,29.5,28.9,28.3,27.8,27.4,27.2,27.1,27.2,27.3,27.4,27.6,27.6,27.5,27.2
Sint Maarten (Dutch part),SXM,,,,,,,,,,,,,,,,,,,,,,,,,,,
Seychelles,SYC,,,,,,,,,,,,,,,,,,,,,,,,,,,
Syrian Arab Republic,SYR,,,,,,,,,,,,,,,,,,,,,,,,,,,
Turks and Caicos Islands,TCA,,,,,,,,,,,,,,,,,,,,,,,,,,,
Chad,TCD,0.8,1,1.1,1.3,1.4,1.6,1.7,1.8,1.9,1.9,2,2,2,2,1.9,1.9,1.8,1.7,1.7,1.6,1.6,1.5,1.5,1.4,1.4,1.3,1.3
East Asia & Pacific (IDA & IBRD countries),TEA,,,,,,,,,,,,,,,,,,,,,,,,,,,
Europe & Central Asia (IDA & IBRD countries),TEC,,,,,,,,,,,,,,,,,,,,,,,,,,,
Togo,TGO,1.2,1.6,2,2.4,2.8,3.2,3.6,3.9,4.2,4.4,4.5,4.5,4.5,4.4,4.2,4,3.8,3.6,3.4,3.1,2.9,2.8,2.6,2.5,2.3,2.2,2.1
Thailand,THA,0.6,1,1.4,1.7,1.8,1.9,2,2,2,1.9,1.8,1.8,1.7,1.6,1.5,1.5,1.4,1.4,1.4,1.3,1.3,1.3,1.3,1.2,1.2,1.1,1.1
Tajikistan,TJK,0.1,0.1,0.1,0.1,0.1,0.1,0.1,0.1,0.1,0.1,0.1,0.1,0.1,0.1,0.1,0.2,0.2,0.2,0.2,0.2,0.2,0.2,0.3,0.3,0.3,0.3,0.3
Turkmenistan,TKM,,,,,,,,,,,,,,,,,,,,,,,,,,,
Latin America & the Caribbean (IDA & IBRD countries),TLA,0.270286036,0.285898572,0.304347072,0.311260011,0.372319437,0.380129418,0.393126462,0.400928968,0.401758208,0.396950897,0.399389504,0.442560967,0.438993491,0.439389719,0.440453856,0.434618805,0.466956236,0.464404452,0.46232591,0.485410545,0.484261074,0.48337211,0.482435571,0.515711724,0.516560715,0.5080776,0.507863546
Timor-Leste,TLS,,,,,,,,,,,,,,,,,,,,,,,,,,,
Middle East & North Africa (IDA & IBRD countries),TMN,0.1,0.100620818,0.100919781,0.101509069,0.102376413,0.103223811,0.104377991,0.105241292,0.106401383,0.106993443,0.107600608,0.107858364,0.107841712,0.107836516,0.107543461,0.106962346,0.106409048,0.106146983,0.105592199,0.105332284,0.105073706,0.10451262,0.104551106,0.104286253,0.104017247,0.104054624,0.103776472
Tonga,TON,,,,,,,,,,,,,,,,,,,,,,,,,,,
South Asia (IDA & IBRD),TSA,0.1,0.1,0.1,0.1,0.177540405,0.177448342,0.177364358,0.254598293,0.256078774,0.255906725,0.33270764,0.332260886,0.333308835,0.332736697,0.332209361,0.331768594,0.255325121,0.255169707,0.255049857,0.254931668,0.253261982,0.253093344,0.25291139,0.252726705,0.25255069,0.252390323,0.252273849
Sub-Saharan Africa (IDA & IBRD countries),TSS,2.65523034,3.063906258,3.510383266,3.935602314,4.36373365,4.775354502,5.14804262,5.458812118,5.66885507,5.809133308,5.875828823,5.869816105,5.794595016,5.684498945,5.557173121,5.403176213,5.264913323,5.12976177,5.010750493,4.916818746,4.814557677,4.715331457,4.63023955,4.532289703,4.456163133,4.367364921,4.263654121
Trinidad and Tobago,TTO,0.1,0.2,0.2,0.3,0.4,0.5,0.6,0.7,0.8,0.9,1,1,1,1.1,1.1,1.1,1.2,1.2,1.2,1.2,1.2,1.2,1.2,1.2,1.2,1.2,1.2
Tunisia,TUN,0.1,0.1,0.1,0.1,0.1,0.1,0.1,0.1,0.1,0.1,0.1,0.1,0.1,0.1,0.1,0.1,0.1,0.1,0.1,0.1,0.1,0.1,0.1,0.1,0.1,0.1,0.1
Turkey,TUR,,,,,,,,,,,,,,,,,,,,,,,,,,,
Tuvalu,TUV,,,,,,,,,,,,,,,,,,,,,,,,,,,
Tanzania,TZA,5.4,6.3,7.1,7.8,8.4,8.8,9.1,9.3,9.3,9.2,8.9,8.6,8.3,7.9,7.5,7,6.6,6.3,6.1,5.8,5.6,5.4,5.2,5.1,5,4.8,4.7
Uganda,UGA,14.8,14.6,14.3,13.7,13,12.3,11.6,10.9,10.3,9.7,9.2,8.9,8.5,8.2,8,7.9,7.8,7.6,7.5,7.5,7.4,7.3,7.2,7,6.9,6.7,6.5
Ukraine,UKR,0.1,0.1,0.1,0.1,0.2,0.2,0.3,0.4,0.5,0.6,0.6,0.7,0.7,0.7,0.8,0.8,0.8,0.8,0.8,0.8,0.8,0.8,0.8,0.9,0.9,0.9,0.9
Upper middle income,UMC,,,,,,,,,,,,,,,,,,,,,,,,,,,
Uruguay,URY,0.1,0.1,0.1,0.1,0.2,0.2,0.3,0.3,0.3,0.4,0.4,0.5,0.5,0.6,0.6,0.6,0.6,0.6,0.6,0.6,0.6,0.6,0.6,0.6,0.6,0.6,0.6
United States,USA,,,,,,,,,,,,,,,,,,,0.5,0.5,0.5,0.5,0.5,0.5,0.5,,
Uzbekistan,UZB,,,,,,,,,,,,,,,,,,,,,,,,,,,
St. Vincent and the Grenadines,VCT,,,,,,,,,,,,,,,,,,,,,,,,,,,
"Venezuela, RB",VEN,0.1,0.1,0.1,0.1,0.2,0.2,0.2,0.3,0.3,0.3,0.4,0.4,0.4,0.4,0.5,0.5,0.5,0.5,0.5,0.5,0.6,0.6,0.6,0.6,0.6,0.6,0.6
British Virgin Islands,VGB,,,,,,,,,,,,,,,,,,,,,,,,,,,
Virgin Islands (U.S.),VIR,,,,,,,,,,,,,,,,,,,,,,,,,,,
Vietnam,VNM,0.1,0.1,0.1,0.1,0.1,0.1,0.1,0.1,0.2,0.2,0.2,0.3,0.3,0.3,0.3,0.4,0.4,0.4,0.4,0.4,0.4,0.4,0.4,0.4,0.4,0.4,0.4
Vanuatu,VUT,,,,,,,,,,,,,,,,,,,,,,,,,,,
World,WLD,0.3,0.3,0.4,0.5,0.5,0.6,0.6,0.7,0.7,0.7,0.8,0.8,0.8,0.8,0.8,0.8,0.8,0.8,0.8,0.8,0.8,0.8,0.8,0.8,0.8,0.8,0.8
Samoa,WSM,,,,,,,,,,,,,,,,,,,,,,,,,,,
Kosovo,XKX,,,,,,,,,,,,,,,,,,,,,,,,,,,
"Yemen, Rep.",YEM,0.1,0.1,0.1,0.1,0.1,0.1,0.1,0.1,0.1,0.1,0.1,0.1,0.1,0.1,0.1,0.1,0.1,0.1,0.1,0.1,0.1,0.1,0.1,0.1,0.1,0.1,0.1
South Africa,ZAF,0.7,1.1,1.9,2.9,4.3,6,7.8,9.7,11.3,12.8,14,15,15.8,16.4,16.9,17.3,17.6,17.8,18,18.2,18.3,18.4,18.6,18.7,18.8,18.9,18.9
Zambia,ZMB,8.1,9.8,11.5,13,14.3,15.2,15.8,16.2,16.2,16.1,15.7,15.3,14.8,14.3,13.8,13.4,13,12.8,12.7,12.7,12.7,12.7,12.7,12.7,12.7,12.6,12.4
Zimbabwe,ZWE,14.9,17.2,19.2,20.9,22.1,22.9,23.3,23.4,23.1,22.7,22.1,21.3,20.6,19.8,19,18.2,17.5,17,16.5,16.1,15.8,15.4,15.1,14.7,14.3,13.9,13.5
