Country Name,Country Code,1970,1971,1972,1973,1974,1975,1976,1977,1978,1979,1980,1981,1982,1983,1984,1985,1986,1987,1988,1989,1990,1991,1992,1993,1994,1995,1996,1997,1998,1999,2000,2001,2002,2003,2004,2005,2006,2007,2008,2009,2010,2011,2012,2013,2014,2015,2016
Aruba,ABW,,,,,,,,,,,,,,,,,,,,,,,,,,,,,,94.33042908,95.90303802,97.58338928,98.46939087,99.62290192,98.78090668,100.4272003,109.0211792,107.2901306,101.6320496,100.8945236,104.4626312,102.4300385,107.1188965,106.2100067,107.2900772,,
Afghanistan,AFG,0.06938,0.067960002,0.089960001,0.085220002,0.091980003,0.150920004,0.224399999,0.282999992,,,0.256069988,0.286489993,0.276989996,,0.780849993,1.06377995,1.13725996,,1.235309958,,,,,,,,,,,,,,,0.75940001,,,,,,,,,,,,,
Angola,AGO,,,,,,,,,,,,43.40575027,36.40872955,29.87984085,25.24381065,20.09629059,21.4732399,20.16629982,18.85563087,18.17300034,16.2678299,13.42292976,16.94923973,,,,,,20.55635071,25.03416061,,,,,,,,142.5362854,104.9656525,98.68408966,92.09725189,79.24822998,,,,,
Albania,ALB,,25.16667938,27.99757957,,,,,,,,43.72526169,46.61418152,48.52796936,49.50653076,51.20098877,52.89012909,53.69234085,54.2381897,55.17731857,55.3431282,56.31848145,58.25912857,48.2890892,35.96918869,36.0286293,37.1129303,40.09181976,41.16186905,40.73154068,42.52460861,44.32157135,45.43346024,45.0683403,48.85268021,50.55550003,52.65391922,55.8291893,57.33209991,61.74755859,65.65630341,70.70559692,77.11076355,84.83940887,88.46157837,88.55834961,88.60224152,
Andorra,AND,,,,,,123.4701767,,,,,,,,169.6035156,,,,,,,,,,,,,,,,,,,,,,,,,,,,,,,,,
Arab World,ARB,9.716870308,9.646710396,9.552659988,9.500510216,9.365550041,9.692649841,10.21926975,10.59681034,10.54722977,10.87211037,11.13171005,11.63658047,11.72618008,11.88243008,12.11658955,12.47840023,12.45969009,12.53094959,12.52628994,12.74582005,12.82176018,12.92327976,12.8515501,13.03302002,13.23573017,13.40651989,13.73361969,14.19314003,14.30790043,14.14558029,14.62345982,14.61112976,14.89665985,15.35645962,15.87154961,16.61141968,18.55829048,18.52342033,20.11754036,23.09775925,23.55831909,23.61449051,24.05599022,23.46468925,25.50214958,,
United Arab Emirates,ARE,,,,21.73278046,25.59531021,21.69319916,32.78992844,31.52386093,31.19702911,26.33601952,32.764431,37.06016922,48.25234985,55.17747116,50.81230927,50.7482605,51.49414825,52.33498001,55.21221161,58.43584824,58.81977844,55.6174202,56.75682068,59.40304947,63.52722931,64.83666992,65.04936218,61.7516098,62.99253845,65.24311066,63.77507019,62.93275833,68.91100311,75.78330231,79.94670105,82.14321136,82.11943054,88.01702881,,87.59307861,86.75498199,85.37493896,82.1028595,83.90519714,91.95767212,83.67263031,
Argentina,ARG,23.51532936,25.03524971,26.63475037,29.19171906,31.5309906,35.83237076,38.00962067,39.46760941,,39.16313934,39.95095062,42.14556122,43.82435989,44.70172119,47.55686951,50.32802963,52.73920059,57.30324173,61.14788818,,,49.29769897,,,48.38631821,,53.04983139,54.26055908,55.72806168,56.39184952,59.56681061,60.35150909,60.91012955,61.11022949,62.53842926,63.72090912,63.34685898,63.99168015,65.66664886,66.98548889,67.76325226,67.84857178,69.75669098,71.66208649,72.75393677,,
Armenia,ARM,,,,,,,,,,,54.3442688,,,,,,57.57865143,58.04317856,55.9478302,53.02922821,47.23445129,46.53824997,47.04058838,40.85950851,35.95730972,31.84173965,26.88750076,29.20047951,28.98163033,26.36643982,26.47075081,24.99250031,25.70664024,27.96224976,30.54911041,30.85840034,33.18492889,32.360569,33.11928177,34.14374161,,47.71981812,52.13402939,48.63420105,49.42393112,52.39516068,
American Samoa,ASM,,,,,,,,,,,,,,,,,,,,,,,,,,,,,,,,,,,,,,,,,,,,,,,
Antigua and Barbuda,ATG,,,,,,16.10720062,27.14994049,23.19005013,30.79170036,27.7372303,,,,,30.03549004,,,,,,,,,,,,,,,,56.98363113,,,,,,,75.35761261,77.5,,84.32360077,82.67208862,88.63092804,,75.21543884,95.64315033,
Australia,AUS,,73.42491913,,,73.23654175,75.12840271,80.97531128,79.77393341,75.6552887,66.83499146,64.61676025,64.12606049,65.45349121,68.1471405,69.28749084,71.69306946,73.28414154,72.86115265,71.17292786,70.75803375,70.43611145,70.08019257,70.20944214,70.68579865,72.21974182,93.93434143,76.40161896,77.97666931,,,,103.073761,100.9383698,82.1421814,83.68805695,86.25907135,82.61212158,81.63876343,81.58547974,81.40303802,78.66825104,95.42919159,107.9477463,109.2332535,114.0770416,124.9199829,
Austria,AUT,,30.86167908,32.95101929,35.47578812,38.59259033,41.8592186,45.23849106,48.22502136,53.53770065,58.19427872,61.0051918,62.14693069,62.95756912,64.15419769,65.79592896,68.28262329,72.11988068,74.1157608,72.98668671,71.13408661,71.62090302,72.20675659,73.21733856,75.599617,78.70723724,78.74471283,79.46717072,80.28871155,80.00550842,79.14781952,80.01152802,81.625,83.71476746,86.37422943,88.36398315,89.08804321,90.0317688,91.26030731,93.94904327,97.22318268,100.7773438,100.9501114,103.8643112,100.6405106,101.7219086,103.3649902,
Azerbaijan,AZE,,,,,,,,,,,,20.49393082,,,,,21.26497078,,,18.55191994,20.43154907,18.70903969,17.7459507,16.58498955,16.47592926,19.16270065,18.2881794,17.32884026,16.87920952,18.07305908,19.27132988,20.89849091,22.36725998,23.42060089,24.08114052,25.44997978,26.74821091,26.05709076,24.15974998,23.53096962,25.58293915,26.55765915,24.8493309,25.7365303,23.10553932,23.87578964,
Burundi,BDI,,0.280829996,0.180340007,0.219689995,0.156959996,,,,,,,,0.268559992,0.321610004,0.306230009,0.316109985,0.372660011,0.394050002,0.408529997,0.435979992,,,,,,,,,0.664420009,0.730669975,0.771300018,1.117849946,1.213039994,1.200880051,1.269739985,1.697219968,1.672629952,3.301450014,,11.48841953,10.18647003,7.700240135,7.930799961,8.51196003,10.27686977,12.63022995,
Belgium,BEL,,100.88591,101.3889999,102.5167007,105.7265015,107.9191513,109.964241,108.3804626,103.9977875,101.6655121,101.4664612,102.9833832,105.1547928,107.1461868,109.3035583,110.6876526,110.4705811,106.8811493,103.9764786,102.1302338,102.6640625,103.6077271,110.1902618,113.5822525,116.5649185,117.9037094,116.9164505,,,109.1061325,110.20681,111.1445389,113.1841278,115.7168808,116.9722977,120.7403717,120.3498383,119.0771637,118.6199493,118.7516403,119.8311234,121.0192566,120.3266296,118.8070679,117.8949966,116.4030075,
Benin,BEN,,,,,,,0,,0,0,0,1.507920027,1.292940021,1.435850024,1.875820041,2.359430075,2.618119955,2.916039944,2.872970104,2.812390089,2.679039955,2.685859919,2.629640102,2.71690011,2.570529938,2.747319937,2.797650099,,,4.150410175,6.262839794,5.507880211,5.00714016,4.548409939,4.460000038,5.461830139,6.01060009,,12.37343025,13.12195015,16.8652401,18.61827087,18.56615067,19.42085075,20.60494041,23.90070915,
Burkina Faso,BFA,,0.070689999,0.080339998,0.108910002,0.098010004,0.085419998,0.087640002,0.124880001,0.096799999,0.127959996,0.132159993,0.059579998,0.081900001,0.099260002,0.226119995,0.363990009,0.464210004,0.598020017,0.685490012,0.744759977,0.650179982,0.773549974,0.842050016,0.858590007,1.05171001,1.041020036,1.388820052,1.672260046,1.720759988,1.837960005,,,,,,,,2.994729996,,2.888809919,2.774699926,3.070440054,3.629209995,3.989490032,4.171629906,4.142320156,
Bangladesh,BGD,,,0.215430006,0.35402,,,,,,,,,,,,,,,75.7039566,,,,,,,,,,21.15899086,18.4861908,17.14171028,16.51709938,14.22819996,11.59817982,11.05706978,11.02464008,,,,10.8640604,12.69594955,24.79244995,,31.81228065,,31.22426987,
Bulgaria,BGR,,65.8298111,63.60614014,65.81018066,69.97162628,73.19673157,75.2292099,74.93509674,74.58976746,75.28259277,77.79981995,77.97186279,75.18380737,74.44048309,72.59999084,71.41503143,68.8436203,68.7684021,70.47460175,72.39331818,69.25315857,68.02632141,58.97132874,60.70462036,58.13896942,60.52072144,65.42339325,67.26878357,64.2265625,68.65593719,70.54537964,70.43926239,72.85473633,75.76853943,77.24136353,79.66712189,82.06488037,82.56555939,82.43245697,83.15680695,83.52468872,83.83831787,83.18591309,83.16171265,83.01318359,82.91227722,
Bahrain,BHR,,5.669250011,,5.328939915,5.976369858,6.346630096,8.599309921,11.33234024,10.01583958,10.60832977,11.28392982,13.82863998,15.65021992,17.54331017,17.70095062,22.32504082,24.54509926,25.5806694,25.88368988,25.90512085,,25.00138092,27.50750923,30.80965042,32.22240067,35.35403824,34.34606171,33.39392853,35.5478096,34.8110199,34.09315109,33.84244919,34.89437866,36.1251297,38.71503067,38.42361069,37.95059967,,43.76351166,48.60647964,50.40253067,51.41447067,50.97132874,53.81703949,57.02587128,55.85834122,
"Bahamas, The",BHS,,,,,,,,,,,,,,,,,,,,,,,,6.975299835,,,,9.221170425,,11.44497013,15.79901028,,32.88375092,,,,,,,,,,,,,,
Bosnia and Herzegovina,BIH,,,,,,,,,,,,,,,,,,,,,,,,,,,,,,,,,,,,,,,,,,,,,,,
Belarus,BLR,,32.60538101,36.75196075,41.87491989,47.77516937,57.27619171,,65.55612946,68.34822845,70.14079285,74.16082764,58.17253876,60.94504166,63.3106308,65.14954376,66.19519043,66.53472137,89.49716187,92.25865936,93.84371948,94.28205872,85.01293182,85.39411926,79.8271637,79.66503906,83.08451843,82.55132294,,,83.92819214,84.49655914,86.62110138,91.19582367,92.66384125,96.07023621,102.9869003,105.1980209,104.8007736,102.6664581,99.44811249,101.584877,104.5589523,103.3367615,105.5593338,105.0427628,103.2291107,
Belize,BLZ,,,,,6.683509827,,8.047510147,,,,,13.98015022,,,,,21.14743042,19.12393951,,,22.60337067,22.99531937,27.04277039,28.24760056,26.63858032,27.9126606,27.42885971,26.82497978,,26.38879013,25.86327934,25.28594971,,24.82889938,24.49098969,28.38759041,31.08851051,32.01824951,37.47415924,39.13607025,42.53289032,43.4521904,46.50373077,49.06835938,50.24113083,49.67567062,
Bermuda,BMU,,113.8941422,,,,,,120.8383179,,129.6082916,131.6763,129.4902954,137.1681366,133.4217529,177.8393402,182.2946167,,,,,,,,,,,,,,,,55.52732086,52.40505981,48.93616867,53.28377151,48.95190811,49.19454956,,,,44.625,43.38422012,54.81771088,52.14477158,54.25823975,61.53845978,
Bolivia,BOL,23.1168499,25.65146065,26.67178917,24.85511017,25.17505074,,,,,,26.96257019,30.72238922,31.53162003,32.34875107,36.17388153,,35.34185028,37.63634872,29.26984978,28.52474976,30.59839058,31.52243042,32.71773148,35.0633812,36.27756119,37.72975159,37.8096199,37.87400055,46.59484863,47.40956116,48.83319855,48.783741,49.07701874,48.74765015,51.08752823,52.1873703,51.92642975,51.04861832,49.24782181,47.25162125,48.26211166,55.13520813,59.7021904,63.35054016,67.57906342,70.73162079,
Brazil,BRA,,,,,,,,,,,,,,,,,,,,,,,,,,,,,,,,,,,,,,53.72423935,57.42272186,56.28174973,,53.87617874,56.11553955,86.0359726,89.12452698,92.17723846,
Barbados,BRB,,,,,19.49383926,,,,33.08676147,30.9459095,35.76029968,40.44805145,39.43630981,35.7502594,,,,,,,,,,,,,,,,72.90802002,69.17330933,69.58959961,78.17279053,78.83377838,80.72502899,83.64479828,87.28292084,83.70379639,80.38764191,81.90515137,78.73780823,76.32758331,,,84.20606995,,
Brunei Darussalam,BRN,,,,,,,,,17.36038971,40.21601105,41.88092041,41.21382904,41.95853043,41.53237152,42.5230484,44.03564072,43.66529083,47.65333176,45.26546097,46.24036026,,47.7165184,49.74795914,57.85813141,51.55873871,52.54837036,54.43761826,83.57208252,79.36540985,53.10474014,47.46514893,48.38492966,54.10440826,55.20030975,58.79412079,59.88108063,58.76826859,59.4189682,60.56813049,67.3901825,68.54297638,70.04184723,71.92288971,72.70191956,73.53894806,71.99848175,
Bhutan,BTN,,,,,,,,,,,,,,,,,,,,,,,,,,1.421159983,,,1.163969994,0.943120003,1.181010008,,,,1.784199953,1.430590034,,0.749310017,1.032879949,1.282960057,2.333650112,5.353620052,9.036270142,13.32244968,17.04734993,,25.79932976
Botswana,BWA,,,,,,,,,,,,,,,,,,,,,,,,,,,,,,,,,,,,15.87957001,16.8719101,15.95351982,18.34918022,18.11474991,,,15.52532959,18.33289909,,,
Central African Republic,CAF,,4.774559975,5.201539993,4.908370018,,,5.796450138,,,,,4.770569801,,,,,,4.533699989,4.481850147,,,5.647399902,,,,,,,,,,,,1.715659976,,3.380130053,3.366460085,3.341629982,4.127699852,4.532989979,,5.589509964,,,,,
Canada,CAN,,40.45729065,40.5201683,43.19298935,46.60179901,53.59062958,56.30474854,55.94002151,53.48704147,52.78591919,52.59883118,55.51688004,54.66944885,55.65019989,55.69047928,56.91622925,57.59595108,58.0736084,58.78516006,59.58203125,61.82424164,60.85939026,62.18080902,61.4053688,62.36674881,63.58903885,64.09770966,,65.72219849,63.52204132,63.31055832,,,,,67.53341675,69.47982788,69.99942017,70.19805908,71.70030212,71.29981232,71.55017853,72.86067963,73.63790131,,,
Central Europe and the Baltics,CEB,45.21916962,45.24996185,46.11289978,48.56090164,51.5185318,53.85575867,54.7596283,56.22544861,58.1114502,60.0066185,61.62643051,62.13901138,60.56351852,59.15065002,57.68101883,58.03253174,58.4115181,59.14435959,60.40380859,61.53385162,60.62353134,57.65628815,53.86845016,52.82107162,52.01039886,54.0570488,55.67752075,57.05294037,58.53121948,61.14785004,62.31066895,63.09329987,64.4385376,66.85769653,68.64054108,71.10295868,72.55103302,74.02285767,74.70503235,76.35289001,78.61238098,80.65344238,82.34893799,84.48760223,83.8718338,,
Switzerland,CHE,,,,,,,,68.15103149,70.02108002,72.03118896,74.40277863,76.98829651,78.76223755,81.87651062,82.94686127,85.01003265,87.23882294,89.70139313,91.90881348,91.07331848,90.28263092,90.70783234,90.15019226,92.50998688,94.32327271,96.62274933,97.12580872,,94.77323914,92.39495087,92.16903687,91.67253113,92.63317108,93.84477997,94.51576996,98.12493134,100.0333176,99.76751709,100.1802902,102.0426025,98.77404785,99.64521027,99.15328979,102.5228195,105.1050797,104.645401,
Channel Islands,CHI,,,,,,,,,,,,,,,,,,,,,,,,,,,,,,,,,,,,,,,,,,,,,,,
Chile,CHL,23.80332947,26.75337982,29.98929024,30.32015038,41.76411057,47.78705978,50.94174957,58.29788971,63.34511185,66.55329132,72.15628815,72.85826874,76.85060883,,73.14685822,83.6640625,85.967659,,86.15557861,83.11048126,84.49179077,77.0952301,88.84343719,92.37033081,93.59532928,100.2450714,103.0297928,,80.24726105,84.38890839,85.31797028,,81.39276886,76.90434265,78.02744293,81.67987061,81.09555054,82.75656128,82.24443054,85.09319305,106.919548,113.1741562,115.8769608,82.10276031,85.60710907,87.00312042,
China,CHN,,,,,2.284869909,2.44020009,5.750160217,13.16032028,8.723110199,7.978169918,9.253190041,12.61606979,12.20359993,13.63868999,14.75088024,17.18556023,19.8066597,21.35358047,22.75071907,22.18940926,21.15070915,21.65909958,22.83098984,23.59572029,23.65846062,24.38265038,25.53796959,36.28684998,38.02074814,40.81343079,41.74650955,42.74805832,40.82416153,43.14944839,,,50.84872055,52.07537842,52.44252014,53.5014801,57.33526993,63.80924988,72.78787231,77.79273224,81.61090851,83.61673737,
Cote d'Ivoire,CIV,,1.188390017,1.106349945,1.178959966,,,0.680119991,0.648769975,0.670109987,0.690379977,0.736959994,0.730799973,0.76384002,0.765489995,0.765730023,0.845019996,0.822719991,0.878660023,0.991999984,1.054119945,1.072729945,0.971859992,0.910099983,1.41407001,1.71954,1.911870003,2.243989944,2.263060093,2.385509968,2.362760067,2.524359941,2.636049986,2.734210014,2.9167099,,,3.052469969,2.931689978,2.914200068,3.512789965,,4.011650085,4.786630154,5.741230011,6.553790092,7.158979893,
Cameroon,CMR,,3.037050009,3.351449966,3.645829916,3.925489902,4.194890022,4.458129883,4.659289837,4.830890179,6.03512001,6.549029827,7.042200089,6.671639919,6.633039951,8.671589851,10.23400021,10.75209999,11.80027962,12.29131031,11.92086983,11.67510986,11.48536968,11.17243958,10.85404015,10.28054047,10.06888008,,9.238069534,9.501680374,10.56447029,12.22996998,12.36322021,12.74228954,13.08549976,16.27412987,17.55303955,17.34967995,18.7936306,22.19354057,23.57806015,25.34367943,26.69345093,29.84782982,,34.43854904,37.83330154,
"Congo, Dem. Rep.",COD,,0.945290029,,0.949549973,,,,,,,,,,,,,,,,,,,,0.854059994,,,,,,,,0.816649973,1.345610023,,,,,2.881000042,3.242660046,3.876480103,3.31114006,3.601399899,3.913180113,3.924540043,4.173769951,,
"Congo, Rep.",COG,,0.275099993,,1.135859966,,,,,1.964249969,1.687340021,1.822119951,1.953359962,1.951570034,2.398020029,2.920360088,2.689189911,2.74890995,2.845730066,2.622679949,2.542269945,2.685100079,2.612930059,3.01154995,2.017400026,1.868659973,1.116809964,0.908550024,1.473880053,0.491609991,2.285629988,2.938110113,3.471159935,5.288310051,6.181459904,7.08370018,7.447579861,8.583889961,9.528409958,11.14974976,11.22177029,11.93548012,12.08040047,13.9085598,,,,
Colombia,COL,,,3.232889891,3.306479931,3.716389894,4.222459793,4.819759846,5.331069946,5.875510216,6.768980026,7.910150051,9.002980232,8.227720261,9.054920197,10.49732018,11.37683964,10.88356018,11.55002975,12.09922981,12.64822006,,13.14101028,18.01836967,19.53981972,24.21640015,28.04389,35.43144989,,38.16215897,40.14363861,41.91872025,41.95270157,43.01218033,,43.59563828,45.50366974,45.25683975,43.45944977,53.24552155,56.14216995,53.75767899,54.72766113,,,,84.49167633,
Comoros,COM,,,,,,,,,,,,,,,,,,,,,,,,,,,,,,2.662499905,2.125060081,,,3.060739994,4.227099895,,,,24.23917961,,,,,23.05911064,20.50259972,,
Cabo Verde,CPV,,,107.0702362,89.08170319,81.54875183,93.20661163,,,,,,,10.44400024,,10.88492012,,,23.09303093,,,,,,,,,,,,46.88457108,,51.82201004,54.81729126,57.31002045,57.9457016,61.11930084,62.39921188,65.37983704,69.69821167,72.28574371,72.09224701,76.40061951,72.98349762,71.69516754,70.30510712,73.65196228,
Costa Rica,CRI,6.391849995,7.809329987,11.24108982,13.07736015,13.66814995,13.7990799,16.15221024,17.15078926,17.76215935,18.29030991,19.32076073,20.38787079,22.35350037,23.90415955,21.60491943,26.24982071,27.16274071,26.66839981,27.57139969,28.64767075,29.99575996,32.98054123,32.98352051,33.4004097,34.01832962,35.83615112,37.18198013,87.04125214,41.41904068,46.64699173,46.26374054,58.66598892,61.5200882,,65.97366333,71.53463745,73.9546814,,75.54184723,77.46211243,77.14225006,77.25102234,76.38198853,51.56444168,52.96744919,52.37208939,
Caribbean small states,CSS,,,,39.61569977,40.23973846,44.85303879,52.6348114,54.72748184,54.26620102,56.8837204,56.7878418,53.5841713,55.86872864,58.49134827,57.34751129,56.37234116,57.73355103,55.81044006,59.13534927,58.8252182,59.44284821,60.73638153,62.59732056,65.4210968,67.47943115,68.38408661,69.82051849,70.6700592,71.7795105,72.91631317,75.35897827,72.84528351,76.53353119,76.1870575,82.48535156,84.45744324,82.89031219,81.50701904,81.54007721,83.97254181,84.72860718,86.37841034,88.3706131,89.12399292,91.12399292,,
Cuba,CUB,,50.98373032,48.61483002,46.57378006,48.08985901,51.47296143,54.03564835,65.48872375,66.12419891,59.64984131,55.67449951,59.24222183,63.5246582,67.04218292,68.11984253,75.77784729,78.7605896,80.61351013,94.69487,94.37574005,90.24352264,101.488739,87.16636658,92.53056335,92.11691284,87.94966888,93.01899719,86.73783875,88.84011841,104.4565811,103.4969406,105.4403687,105.3147583,107.395752,108.9034882,107.1690979,108.7372513,108.8429565,108.7141571,102.661499,98.61282349,100.9367905,103.7179489,90.6546402,98.06671143,102.0287628,
Curacao,CUW,,,,,,,,,,,,,,,,,,,,,,,,,,,,,,,,,,,,,,,,,,,,,,,
Cayman Islands,CYM,,,,,,,,,,,,,,,,,,,,,,,,,,,,,,,,,,,,,,,,,,,,,,,
Cyprus,CYP,,9.023579597,8.800459862,11.86390018,13.42840004,6.829649925,8.958230019,11.59002972,12.68762016,14.90849018,19.68507004,23.04554939,25.00542068,26.48509026,29.48818016,32.79264069,34.78602982,34.27693176,37.29866028,37.62313843,39.99855042,42.25336838,44.2053299,59.07801056,59.06750107,59.4113884,60.18109131,60.10913849,,59.80717087,56.97777939,59.71287155,59.24800873,59.64474106,60.73173141,64.75805664,78.75881958,79.62864685,82.64051819,80.51357269,79.09063721,79.45822144,77.92455292,78.53769684,77.10958099,80.2753067,
Czech Republic,CZE,,63.29793167,64.39170074,65.97358704,67.94129181,68.69077301,70.75518036,73.91355896,77.6749115,79.63519287,82.36309814,84.76245117,85.86322784,87.25800323,88.26407623,88.21498108,88.02442169,92.30444336,98.7282486,105.8138275,106.0515518,96.51345825,87.35752106,85.2918396,86.07901764,89.63481903,90.54849243,88.17678833,88.24376678,90.38430023,90.43575287,91.45272064,97.40441132,106.7908936,115.7185211,116.6817703,114.0872879,110.3274918,105.4015121,101.8933716,102.4463882,103.7788391,104.1444016,104.4506989,104.8187485,105.9042435,
Germany,DEU,,,,,,,,,,,,,,,,,,,,,,,,89.88184357,90.32946777,83.97312164,88.67675018,91.93234253,93.16423035,98.95301819,98.69441223,104.3869781,101.9671631,99.45478821,95.43106842,97.04167938,108.165947,109.6758118,112.1903534,113.9677734,114.0799103,115.4399796,116.3396835,109.7093582,110.8751984,111.1529999,
Djibouti,DJI,,,2.310230017,1.959179997,1.684399962,1.109609962,1.037930012,,,1.340999961,,,,,,0.575330019,0.827910006,0.767329991,0.730239987,0.675629973,0.670809984,0.623780012,0.556450009,0.540250003,0.553260028,0.588199973,0.470990002,0.56753999,0.592440009,0.411150008,0.526820004,0.528289974,0.793489993,,2.059679985,,1.930449963,2.979949951,3.388109922,3.17550993,,4.81911993,4.117300034,,,4.739769936,5.394209862
Dominica,DMA,,,,,46.84495926,51.93983841,51.15658188,56.88552094,,62.15921021,,,,,,,68.92749023,69.43723297,79.18318176,,74.55782318,79.95728302,77.01194,123.660347,,,,,,82.12683868,70.88043976,81.99642944,81.4899292,65.98277283,80.42610168,98.39743805,96.87650299,94.81108093,105.4679337,102.7159195,104.8807526,101.899437,95.01370239,99.15074158,84.87654114,87.42299652,
Denmark,DNK,,26.15888023,39.32239151,47.62976837,52.98994064,55.74982071,58.90021896,64.95178986,74.16959381,82.01907349,85.45767975,88.25566864,94.94888306,91.32611084,91.24671173,94.12861633,93.83113861,96.18067169,92.44940948,95.36904144,95.81419373,98.766922,100.9633102,80.47099304,81.98433685,81.35637665,81.81867981,,89.90181732,90.62831879,91.13356781,88.91915894,89.28305817,90.8008194,92.6309433,94.75920868,95.20275879,95.66255188,95.83757019,96.47678375,99.88767242,99.82288361,101.5183868,97.47972107,96.447052,95.92328644,
Dominican Republic,DOM,,2.742029905,3.328320026,3.428040028,3.439419985,3.5128901,3.679850101,3.776279926,3.804049969,3.837409973,3.905380011,3.971770048,4.036149979,5.702819824,9.740889549,8.713029861,9.33411026,10.79897022,,,,,,17.13607025,18.8004303,23.92326927,29.69053078,31.04542923,31.02758026,31.59951973,33.65071106,,31.57695007,31.14347076,30.15620041,32.30332947,34.36413956,33.84820938,35.30599976,37.66291046,37.83578873,37.38441849,38.60242844,41.80636978,43.60029984,44.00492859,
Algeria,DZA,,,,,,,,,,,,,,,,,,,,,,,,1.325189948,1.726150036,1.755429983,2.048239946,2.182970047,,2.427180052,2.714309931,3.384870052,,3.982359886,4.720069885,6.167500019,29.01754951,30.08341026,36.25754929,80.34272003,84.03958893,79.2128067,,,,,
East Asia & Pacific (excluding high income),EAP,,,,3.820499897,3.85165,4.143939972,6.95607996,13.20172024,9.767279625,9.312660217,10.86717033,13.77441978,13.66143036,14.69295025,15.78295994,17.79669952,20.0652504,21.55271912,23.15872955,22.95718002,22.08917046,22.53289032,23.43582916,24.21966934,24.67445946,25.52549934,26.41208076,27.56913948,36.26887894,38.5069809,39.1480484,40.0114212,38.89519882,40.97248077,42.94739914,45.37363052,48.21704102,50.16912842,51.11283875,52.51773834,54.77867126,59.6767807,67.25401306,71.63464355,74.92746735,,
Early-demographic dividend,EAR,8.019269943,8.162579536,8.303990364,8.457559586,8.737509727,9.423179626,10.01708984,10.62176991,11.02110004,11.55838966,12.11620045,12.83436966,13.66098022,14.33032036,14.94287014,15.43416977,16.24126053,16.78134918,17.44350052,17.36175919,17.20817947,17.69000053,17.66600037,17.6384201,18.04554939,18.35689926,18.54567909,18.77507019,16.58997917,16.27676964,16.40657043,16.3918705,16.95241928,17.54587936,17.84111023,19.01041985,21.46806908,22.89525032,24.88718987,24.99949074,25.09955978,26.44936943,28.25548935,30.02837944,30.3983593,,
East Asia & Pacific,EAS,,,,5.33039999,5.522540092,5.882649899,8.609919548,14.5931797,11.43787956,11.09090996,12.6017704,15.35334969,15.32664013,16.39024925,17.5570507,19.51625061,21.69195938,23.07621956,24.58090019,24.36478043,23.53212929,23.91987038,24.7407608,25.4656601,25.87586021,26.73706055,27.56488037,28.74555016,38.64471817,41.03335953,41.79681015,42.76047134,41.810009,43.81745148,45.74966812,48.11903,50.81494141,52.6108017,53.45072937,54.69628143,57.11198044,61.69524002,68.82917023,73.02935028,76.10092926,,
Europe & Central Asia (excluding high income),ECA,48.71762085,48.39701843,48.71913147,49.18289185,49.92694855,51.63793182,52.33354187,53.05419922,54.09925842,54.28868103,54.91989136,52.45230865,53.13246918,53.67190933,54.31993866,55.30047989,56.04713058,56.81298065,57.55987167,58.24784088,58.8713913,57.61270905,55.91559982,52.90267944,47.49510956,46.54452896,45.07181168,43.35192108,41.44927979,38.63579941,38.36680984,39.09413147,40.19306946,42.60906982,43.38731003,44.65446854,46.4720192,48.24972153,50.57667923,51.86864853,53.41178131,54.97700882,56.3418808,54.93909073,56.1332016,,
Europe & Central Asia,ECS,53.53596878,53.6208992,54.23883057,55.43115997,56.82653046,58.29758072,59.20809937,59.96015167,60.68181992,60.87659073,61.59716034,60.4892807,60.99016953,61.61429977,62.33610153,63.14854813,63.91653824,64.3740387,64.72956848,65.05805206,65.72747803,65.15480042,64.10157776,62.63560867,59.86526871,59.67871094,59.81246948,59.77045822,59.64540863,58.58483124,59.1556015,60.6192894,61.67169952,63.59568024,63.56129837,65.76584625,67.82032013,68.90351105,70.53308105,71.32911682,72.50952911,73.80365753,74.53806305,73.59139252,74.57476044,,
Ecuador,ECU,,7.350619793,7.615170002,8.052740097,9.08561039,10.15678978,11.21508026,12.95182037,14.58530998,17.66770935,17.91325951,21.91740036,24.56847,27.64706993,33.15406036,35.40639877,37.86801147,40.63214111,42.38851166,41.7539711,43.23339844,42.92724991,45.13827133,46.98543167,44.11185074,47.59904099,50.48579025,53.7389183,57.22940826,61.3508606,63.87749863,66.98932648,69.84201813,70.65619659,73.06234741,76.24942017,85.74996948,95.39363861,,,139.3411255,146.8931122,159.5611267,55.63906097,62.54825974,71.04486084,71.38877106
"Egypt, Arab Rep.",EGY,,1.219210029,1.319000006,1.514860034,1.645939946,1.66850996,1.943689942,2.156169891,,2.616149902,2.950819969,3.169349909,3.115969896,3.281529903,,,4.455550194,4.546909809,4.928279877,5.151889801,5.428880215,5.941999912,6.509679794,6.738530159,6.935569763,7.238959789,7.566349983,8.394280434,9.442110062,10.1006403,11.18855,12.17800999,13.18397045,14.18163967,14.80900002,16.88640022,18.07332993,17.46755981,22.03148079,23.12770081,27.83584976,24.80360031,25.07266998,24.57172966,30.32247925,,
Euro area,EMU,68.1484375,68.90860748,69.68170929,71.52568054,73.54044342,74.71517944,75.89994812,76.61180115,76.8291626,77.07501984,77.95424652,78.90046692,80.0945282,81.79055786,83.58554077,84.84207153,86.19274902,86.08202362,85.66825104,85.35929108,86.51812744,87.81636047,88.44304657,89.39057922,90.43736267,89.78031158,91.69136047,93.10765839,93.82405853,95.61508179,96.39668274,98.50388336,98.55731201,98.77433777,98.46325684,100.6400986,103.1982727,102.6042786,102.5630493,102.5300217,102.8678284,103.2268219,103.5230179,102.3424911,102.6954117,,
Eritrea,ERI,,,,,,,,,,,,,,,,,,,,,,,3.042399883,3.238260031,3.516060114,3.612709999,3.667320013,3.373719931,,5.387340069,5.577479839,5.8365798,5.971829891,6.943260193,8.475660324,14.00844002,15.60105038,15.69880962,14.42720985,14.44952011,14.94437981,16.46130943,15.89309025,15.16757011,14.4669199,13.22889996,
Spain,ESP,,41.81211853,38.87482834,41.13230133,42.71319962,43.7849617,47.05947113,48.60313034,50.73833847,53.90980148,58.40932846,60.19295883,61.61911011,62.03089905,62.52870941,63.33042908,64.8288269,66.06626892,68.70144653,70.61911011,73.03887939,75.71234894,80.34722137,84.32834625,88.01155853,91.11483765,93.20886993,95.60186768,96.66613007,,,,,,,,,,,,,,,99.07044983,98.04814148,96.65988922,
Estonia,EST,,,,,,,,,,,,98.15164948,99.75405884,102.6307373,104.2601395,99.15052032,99.358078,97.78848267,97.0617981,93.56286621,91.43937683,99.9289093,91.13028717,82.33332062,63.48917007,64.58811188,67.77522278,69.96237183,81.91959381,89.80565643,91.97927094,97.29775238,99.85341644,106.661911,113.66436,119.0910797,96.97009277,98.24954224,96.81774902,95.39958954,87.01315308,87.23940277,88.37406158,,,,
Ethiopia,ETH,,,,,0.25959,,,,,,,,,1.445780039,1.391909957,1.564110041,1.764099956,1.805410028,2.039900064,1.973090053,1.910640001,1.557219982,1.183859944,1.111230016,1.245669961,1.287840009,,1.402179956,1.445840001,1.469939947,1.575119972,1.680750012,1.760810018,1.752380013,1.909129977,2.046339989,2.446549892,2.817339897,3.342730045,3.676800013,4.255760193,4.736310005,17.55244064,,25.23822021,30.3617897,
European Union,EUU,58.33755875,58.783741,59.48099899,61.23157883,63.2684288,64.67069244,65.9143219,66.95871735,67.74311066,68.5847168,69.71598053,70.5667572,70.76078033,71.2269516,71.85804749,72.56175995,73.34924316,73.49234009,73.68489075,73.95675659,74.74655151,74.78649902,74.42816162,75.11712646,75.98825073,76.6940918,78.86647797,80.57328033,81.87711334,84.0267334,85.20867157,87.0331192,87.76103973,88.31313324,87.32279205,90.4536972,92.68608856,92.95291901,93.7735672,94.14317322,95.12934113,96.12779236,96.40013123,95.56024933,96.5539093,,
Fragile and conflict affected situations,FCS,6.740880013,6.69836998,6.606329918,6.549660206,6.464960098,6.708580017,6.552939892,6.502510071,6.401869774,6.521979809,6.371870041,6.316120148,6.419519901,6.375189781,6.285860062,6.306950092,6.425519943,7.059949875,7.110169888,7.182419777,7.235159874,7.231589794,7.154850006,7.227039814,7.074510098,7.046659946,7.53703022,8.04102993,7.363510132,7.534629822,7.871880054,7.898509979,8.014969826,8.574290276,8.919050217,9.187020302,9.53512001,9.683099747,10.17187977,10.98960972,10.81175995,11.46879005,12.95567036,12.95116043,13.28619003,,
Finland,FIN,,16.87017059,,23.83872032,29.23184967,32.57038116,,,,,,,,,,27.43162918,28.49765015,29.16433907,30.83632088,32.1568718,33.59677124,33.62770844,34.78499985,35.62786865,36.95249939,38.48867035,41.66017151,45.01818848,45.87865067,47.37559891,48.53416061,53.53672028,55.77650833,57.04211044,59.73600006,60.03765869,61.82672882,63.51641083,64.82434082,66.23873138,68.15167236,69.51670837,70.39478302,80.88854218,79.78717041,79.29335785,
Fiji,FJI,,,,,7.20114994,7.393869877,,7.51252985,7.98375988,8.308440208,8.955019951,8.612770081,8.667869568,9.253600121,8.936490059,6.937729836,8.852310181,10.20133972,,,12.55058002,13.29568005,14.15711021,,11.16940975,12.40826988,14.66777992,14.42870998,14.14323997,15.41224957,10.94480991,12.35206032,,,16.70280075,,16.9729805,,,17.87054062,,,,,,,
France,FRA,,86.26281738,90.35392761,94.29750824,98.76358795,102.2086334,104.7215881,105.0899277,104.2908707,101.8574371,100.4089737,101.3017883,104.3313065,109.866951,116.1612091,119.0159912,120.2666931,115.929718,110.9466019,106.8044281,108.2384796,109.1716385,110.0876389,111.1797791,112.8925705,112.6939468,112.1897202,111.2055283,110.2911606,110.8872299,112.189888,113.2465286,112.7079315,111.7068863,111.6938477,116.6241226,115.9766312,113.1595993,110.9235001,109.261879,108.6125031,108.5793228,108.261261,107.8492203,108.8067322,,
Faroe Islands,FRO,,,,,,,,,,,,,,,,,,,,,,,,,,,,,,,,,,,,,,,,,,,,,,,
"Micronesia, Fed. Sts.",FSM,,11.66166019,,10.1002903,8.999300003,16.00645065,15.67249012,,,,,,,,,,,,,,,,,,,,,,,35.6276207,,,,,,,,,,,,,,,,33.04626846,
Gabon,GAB,,,,,,,,,,,,,,,,,,,,,,,1.057139993,,,,,8.824589729,,,,14.62773037,,,,,,,,,,37.11408997,,,,,
United Kingdom,GBR,,,,,,,34.21923065,,,,,,,45.21694183,48.71318817,50.11026001,49.0460701,48.21445847,47.86893845,47.72114944,50.51525116,51.88724136,52.75455093,,,,,,75.75566101,76.98561096,79.86696625,81.24224091,82.29994202,76.95288849,59.3199501,70.98264313,72.00791168,73.19907379,80.54155731,80.79727936,82.52326965,85.51100922,83.59429169,78.05825806,88.22270966,,
Georgia,GEO,,,,,,,,,,,,50.61341858,,,,,42.63198853,,,,,59.01821899,,41.56586075,35.65047073,25.67865944,32.56624985,29.87952995,32.18503952,35.45278931,37.60353088,39.54745865,43.07154083,47.05900955,52.17155838,56.59260178,60.81896973,60.94845963,59.45296097,,,,,,,,
Ghana,GHA,,3.296839952,,4.16520977,,8.716139793,,,22.06619072,23.63545036,27.94592094,22.50375938,19.74420929,19.30809021,19.67215919,20.09425926,21.17650986,28.46179962,33.11457062,32.71403122,36.23365021,,,,,,,,,47.46100998,62.24514008,59.21215057,63.37173843,68.50196075,70.98464203,63.32682037,84.72415924,91.32299042,101.195137,120.9994278,,111.9308929,113.0284424,114.8020096,115.1036072,120.7888794,118.214798
Gibraltar,GIB,,,,,,,,,,,,,,,,,,,,,,,,,,,,,,,,,,,,,,,,,,,,,,,
Guinea,GIN,,,,,,,,,,,,,,,,,,,,,,,,,1.532490015,,2.985229969,3.123869896,3.947489977,,,,,,7.830800056,8.616559982,8.948080063,9.388090134,10.53829002,11.34072018,12.30951977,15.16259003,,,,,
"Gambia, The",GMB,,,,,,,,,,,,,,,,,,,,,,,21.43638992,,,,,,19.94664955,18.67911911,,,,16.80950928,,,,21.1255703,,28.4444809,29.3053894,,,31.29245949,38.31578827,37.95362091,
Guinea-Bissau,GNB,,0.370759994,,,,,,,,,0.523710012,0.613690019,0.620459974,2.067670107,,,,1.38372004,,,,,,,,,,,,,3.490910053,,,,,,,,,,6.467700005,,,,,,
Equatorial Guinea,GNQ,,,,,,,,,,,,,,,,,,,,,,,,,,,,,,26.59753036,26.1206398,30.83255005,,34.6594696,37.13386154,35.42140961,44.1236496,,70.30039215,,,69.65228271,67.99730682,,,57.75041962,
Greece,GRC,,30.76985931,31.41772079,33.88217163,35.3609581,35.4919014,35.89810944,40.13864136,44.48836136,50.04853821,53.24300003,54.20814896,55.55144882,55.14001846,55.99190903,56.80321121,57.06224823,56.11046982,57.3265419,56.41701889,56.46030045,57.05117035,58.11402893,59.87067032,60.63087845,61.42324066,61.11339188,63.3971405,66.93623352,67.12259674,69.38990784,69.5838623,67.79782867,67.12709045,66.4588623,67.28414917,67.98210144,67.66457367,,,74.15170288,76.56442261,76.03424835,50.6291008,49.10599136,,
Grenada,GRD,,34.88294983,48.20077896,,,,,52.83620071,58.26052094,56.45415115,,52.55413055,55.83778,60.50149918,59.1979599,,,60.47153854,62.77806854,,,,,,62.28070068,68.0847168,64.57550812,71.29109955,71.10870361,74.6763916,,89.20688629,76.63323212,82.5501709,82.76538086,87.06786346,,92.38838196,104.7881088,102.2650986,98.5611496,,,94.21337891,91.1764679,85.88027191,
Greenland,GRL,,,,,,,,,,,,,,,,,,,,,,,,,,,,,,,,,,,,,,,,,,,,,,,
Guatemala,GTM,,,,,,16.61754036,,,,,,,,27.08584976,26.15732002,25.70379066,24.34062958,26.22304916,,,,24.52607918,31.67713928,32.0334816,32.75896835,33.88685989,34.59206009,34.45441055,36.96023178,45.11194992,50.42076111,54.47005844,54.36812973,,57.0750618,57.70804977,59.00717163,59.13721085,61.4213295,74.36460876,69.8966217,68.07199097,63.44898987,42.78842926,43.71112823,44.65916824,
Guam,GUM,,,,,,,,,,,,,,,,,,,,,,,,,,,,,,,,,,,,,,,,,,,,,,,
Guyana,GUY,,,,,,,,56.49182892,56.84527969,57.32772827,56.87380981,59.87107086,65.31208038,68.58042908,,71.05877686,67.75435638,68.49938202,71.05269623,75.22788239,,86.92823029,84.67558289,90.95279694,88.05856323,87.51603699,87.92151642,90.47717285,,100.6813812,96.10919189,89.78961945,,84.13176727,,84.96824646,,76.86652374,75.77017975,76.39305878,76.5117569,84.77084351,94.33744812,,,,
High income,HIC,46.5906601,46.7908783,47.29053879,49.27278137,51.7580719,53.99583054,55.89942932,56.03422928,55.59486008,55.780159,56.42169952,57.86956024,58.53749084,59.92984009,61.47270966,62.26721954,64.01715851,64.34522247,64.30004883,64.0112915,64.86724854,66.43969727,67.27420044,68.49443817,69.81645203,70.7527771,72.15444946,70.7352066,71.27306366,72.15921783,72.54019928,74.64633942,75.58867645,74.95835876,75.48854828,79.42269897,80.31111908,80.45789337,80.76502991,80.92050934,81.42865753,82.50112915,83.08882904,81.95284271,82.71484375,82.47641754,
"Hong Kong SAR, China",HKG,,47.65848923,51.07075882,56.11539841,60.0970993,64.7638092,69.2600708,73.42970276,76.62381744,78.62834167,76.35594177,78.36061859,79.90638733,82.82008362,85.82862091,91.92243958,92.58141327,91.97406006,87.82885742,82.84285736,79.09686279,78.34229279,80.30902863,82.41712952,84.96298981,81.70172119,81.76158905,,76.04579926,,,,86.80451202,86.4793396,89.14504242,92.90131378,98.45864105,99.45040894,102.8622971,106.2330704,106.6723328,109.4073563,,,,,
Honduras,HND,3.571650028,3.726180077,3.970259905,4.300389767,4.296199799,5.119579792,6.251490116,7.509520054,8.550930023,8.279709816,9.320949554,9.824090004,9.983639717,11.72945023,11.00341034,11.64175034,12.29539967,,,,11.76519966,12.46399021,12.8354702,12.96977997,13.71990013,13.9815197,15.28246975,16.0582695,12.84195042,16.92803001,21.56578064,,,31.97831917,33.65058899,33.87582016,37.92979813,39.01760864,41.99024963,43.82678986,46.76063156,47.9113884,47.05844879,46.62854004,47.10662079,45.95742035,
Heavily indebted poor countries (HIPC),HPC,5.366849899,5.391600132,5.390250206,5.345799923,5.459280014,5.696519852,5.834420204,6.015669823,6.210609913,6.39222002,6.550600052,6.477230072,6.488440037,6.492010117,6.598770142,6.668869972,6.784200191,7.113249779,7.225029945,7.192150116,7.319990158,7.364850044,7.334730148,7.411990166,7.392869949,7.465760231,7.624060154,7.750170231,8.554430008,8.3543396,8.733579636,8.769860268,9.065360069,9.442810059,9.855759621,10.49446011,11.42980957,12.09125996,13.15130043,13.89657021,13.99454975,14.66073036,16.88290977,17.39653969,17.99657059,,
Croatia,HRV,,,,,,,,,,,22.69500923,23.64328003,25.00235939,25.86598969,26.02820969,26.67469978,26.85012054,27.6338501,28.15485001,28.77852058,28.23060036,28.01417923,,,,36.07860184,37.66247177,39.96437836,42.98028183,42.92435837,45.3662796,45.57574844,46.77029037,45.92584991,45.85321045,46.42095184,47.61299896,50.35017014,54.54140854,58.95394135,61.77122116,63.37718964,62.67449951,61.70317841,61.43603134,62.72557068,
Haiti,HTI,,,,,,,,,,,,,,,6.873410225,5.57942009,,,,,,,,,,,,,,,,,,,,,,,,,,,,,,,
Hungary,HUN,,46.10897827,47.89667892,49.27173996,50.73723984,52.86114883,53.92617035,56.40399933,61.69861984,67.4355011,70.99572754,72.78855896,70.59699249,67.21391296,64.6591568,64.34942627,64.32186127,66.58274841,72.93218994,81.20909882,84.79782104,87.49307251,86.57724762,82.76709747,79.52812195,79.48619843,80.47106171,80.24712372,79.4229126,79.54216003,79.59555054,78.93678284,79.9834137,81.64633179,84.81301117,86.56832886,88.22464752,88.30612946,85.99550629,84.73625183,84.94494629,86.91345215,87.21202087,86.62497711,83.97846222,79.3626709,
IBRD only,IBD,8.801859856,8.597559929,8.477319717,8.458109856,8.502900124,8.986590385,11.05591011,15.25732994,13.4608202,13.59113979,14.65643024,16.40501976,16.77069092,17.79730034,18.74035072,20.08719063,21.74438095,23.47793961,24.31953049,24.27873039,24.28096962,24.19478035,24.68660927,24.97256088,24.87972069,25.48978043,25.99859047,26.58148003,27.48249054,27.53827095,27.82049942,28.15763092,28.65851021,30.0526104,30.75865936,31.88608932,33.71073151,34.15048981,35.80324173,36.43899155,36.99219131,39.30400848,42.29692841,45.10255051,46.38595963,,
IDA & IBRD total,IBT,10.05823994,9.892490387,9.785440445,9.756139755,9.846289635,10.32472992,12.07923031,15.56101036,14.25566959,14.47043991,15.54666042,16.98995018,17.30925941,18.18386078,19.03425026,20.17509079,21.55768013,22.94952965,23.72979927,23.62766075,23.54704094,23.38561058,23.63787079,23.70957947,23.53396034,23.91223907,24.23064995,24.54800987,24.85297012,24.64620972,24.78827095,24.75996971,24.75835991,25.57085037,26.30153084,27.36805916,29.32349968,29.93840981,31.23093987,31.7406292,32.23736954,34.20491028,36.76007843,38.76150894,39.55484009,,
IDA total,IDA,,,,,15.81793022,,16.5153904,16.84674072,17.51247978,17.94846916,18.93292999,19.13183975,19.20034027,19.49578094,19.99461937,20.45546913,20.97525024,21.33008003,21.92878914,21.63588905,21.29925919,20.90769958,20.42009926,19.81978035,19.42296028,19.18672943,19.06480026,18.87568092,18.7288208,18.18556976,18.19425964,17.61322021,16.8047905,16.62969971,17.57892036,18.72862053,21.12914085,22.23448944,22.97517967,23.32564926,23.78170013,25.36285019,27.35438919,28.34376907,28.34802055,,
IDA blend,IDB,,,,,,,,,,,33.5594902,33.63233948,33.31209946,33.11608887,33.63356018,34.08277893,34.4382782,34.37324142,34.95264816,34.77207947,34.40246964,33.97079086,33.63383102,33.04597855,33.12580872,33.22050095,33.42144012,33.50658035,34.03841019,33.42578125,33.51490021,32.02429962,30.0225296,28.73951912,31.58584976,33.74528885,40.14870071,42.71347046,42.58998108,41.7301712,41.72208023,41.70000839,42.61368942,43.13990021,41.28469086,,
Indonesia,IDN,5.110750198,5.742099762,5.496960163,5.670509815,5.283919811,6.752789974,6.824749947,7.386000156,8.447569847,9.317379951,10.91444969,12.12720966,14.82236958,13.40184975,14.16759014,14.1764698,14.34652042,14.31451988,16.88005066,17.39302063,17.05211067,17.72248077,17.87355995,18.50365067,17.96347046,18.60051918,18.88146019,18.66996956,19.40695,22.78367043,24.10971069,24.45533943,24.39682007,25.70455933,26.98101044,31.48192978,34.6018486,40.79185104,43.34653091,45.35417938,41.30759048,42.96318817,49.9544487,54.4463501,58.15596008,,
IDA only,IDX,,5.85461998,5.836170197,5.824810028,6.320199966,6.926199913,7.436120033,7.983660221,8.530879974,9.055669785,9.553359985,9.886730194,10.22570038,10.73423958,11.22546959,11.69754982,12.37141991,12.89002037,13.52231979,13.17862988,12.89169025,12.57540035,12.04076958,11.48033047,10.94410038,10.58889961,10.3494997,10.10383034,11.23935986,10.84813023,10.93375969,10.90985012,10.78431988,11.17418957,11.38500977,12.18813038,12.91246986,13.39834976,14.51799011,15.37349987,15.99518013,18.2597599,20.56216049,21.68634987,22.4871006,,
Isle of Man,IMN,,,,,,,,,,,,,,,,,,,,,,,,,,,,,,,,,,,,,,,,,,,,,,,
India,IND,,1.12372005,1.276440024,1.384829998,,1.52294004,1.638589978,1.887590051,1.896420002,,,2.39102006,2.131860018,2.550630093,2.40192008,2.486900091,2.920429945,2.928740025,3.189500093,3.158380032,2.916980028,3.226690054,3.031169891,3.063930035,4.039999962,4.385550022,4.414080143,4.884109974,,,,3.502370119,6.13711977,7.254119873,6.607659817,6.216660023,6.859290123,6.963049889,8.507149696,7.542819977,7.202459812,7.693290234,7.884890079,9.607040405,11.7343502,12.20660019,
Not classified,INX,,,,,,,,,,,,,,,,,,,,,,,,,,,,,,,,,,,,,,,,,,,,,,,
Ireland,IRL,,103.4756775,106.2926865,108.944397,111.148262,107.7360306,107.9510574,107.5428772,102.0245667,95.61724854,91.27596283,91.82334137,93.45683289,96.3508606,100.9010696,103.3918762,104.2589493,103.9583511,102.9168091,100.2973709,98.28656769,99.82698059,103.2640381,106.5179367,107.138649,108.2101669,112.2177734,114.2460327,,,,,,,,,,,,,,,102.1561737,107.9851685,106.6761398,96.7951889,
"Iran, Islamic Rep.",IRN,,2.202399969,2.366379976,2.371609926,4.366849899,9.262639999,17.89179039,21.01671028,22.65761948,24.17593956,21.24617958,14.85128021,15.98700047,13.6869297,14.74802971,5.337709904,6.953129768,7.577549934,8.51996994,9.905090332,11.74734974,12.16444016,13.38761997,8.999170303,7.189420223,7.879720211,,11.64853001,15.78695965,14.49901962,17.39584923,20.67378998,25.16955948,32.77819824,37.57159042,45.45111084,52.7901001,54.02373886,53.05163956,42.8848114,41.4850502,41.49674988,35.07400894,38.12472153,42.39659882,50.78187943,
Iraq,IRQ,,2.103519917,2.005399942,2.126470089,2.184789896,4.393410206,5.377699852,6.137979984,6.58093977,7.776740074,8.027689934,8.506059647,8.802800179,8.340880394,7.828080177,8.062950134,7.997330189,7.723830223,7.236430168,7.90734005,,7.723179817,6.898560047,7.735439777,,,6.733570099,,5.346199989,5.049680233,5.22055006,,,3.549570084,5.861730099,,,6.611800194,,,,,,,,,
Iceland,ISL,,,56.75017166,68.58757019,74.27184296,80.75106049,84.0009613,88.35186005,94.37741089,105.0119934,102.5488281,96.16848755,99.76219177,100.8813705,95.36218262,100.9112701,108.6893921,109.6720123,105.5065613,105.6174393,99.71704865,,,,,,,,86.78884125,86.46704102,86.60375214,88.0655365,90.56233978,92.14790344,96.25588226,96.26393127,95.78246307,95.16155243,96.73233795,97.20944977,97.14723969,96.85021973,97.47515869,97.12545013,,,
Israel,ISR,,47.04959869,48.79047012,46.71237946,49.01348114,62.9196701,64.11047363,60.81240082,58.63729095,73.00361633,72.63600922,73.24806213,75.57132721,77.39920044,77.43359375,76.5496521,79.20771027,80.38996887,82.61061859,85.83455658,86.08457947,87.49771118,87.3458786,85.43177795,85.64602661,77.03933716,75.84963989,,,88.94976044,88.05737305,93.17137909,95.32318115,100.1995926,93.49133301,93.53486633,91.99620056,99.2276535,99.06118774,105.6690063,97.36521149,103.7995071,101.8689804,112.6763077,110.6801529,111.1035767,
Italy,ITA,,56.91151047,58.59383011,61.89995956,64.7700119,66.47772217,69.36643982,71.845047,73.98497009,76.35147858,78.39479065,79.9383316,80.41783142,82.09117126,83.15139771,83.89990997,87.59684753,88.44843292,87.85415649,87.38316345,90.306633,91.14151001,91.8325119,93.25401306,94.04090118,95.05877686,95.80599976,96.36746216,97.33661652,96.93013763,97.30892181,97.74256134,99.50193787,101.6145172,103.0543671,102.8943863,102.515358,100.7181396,99.67041016,98.44487,99.90045929,100.2692871,100.4454803,99.92841339,99.01548004,98.66101837,
Jamaica,JAM,,,,,43.62538147,52.24618912,68.44814301,71.14057159,69.84343719,76.43908691,76.63082886,69.61334229,72.7483902,77.15888214,74.4152298,72.41945648,74.80438232,71.61356354,77.76628113,75.86872101,76.69571686,75.55200195,,,,77.82582092,78.77091217,,,79.39447021,83.5772171,78.06574249,82.20861053,80.55574799,90.48648834,92.86802673,,90.81806183,89.68119812,94.17443848,,,,110.5732193,93.00338745,99.46716309,
Jordan,JOR,,9.652389526,11.08148003,11.21409988,11.05169964,11.3082304,10.86153984,9.870300293,9.245059967,9.632670403,10.53038979,11.8667202,12.64737034,13.5131197,14.29020023,15.52608013,15.44009972,16.92975998,17.62602043,18.21186066,19.40831947,19.89171028,21.80792999,23.04294968,24.66012955,25.28986931,27.20664024,28.99023056,28.06434059,29.34910011,31.12317085,,32.82445908,32.1710701,32.28318024,33.3071785,33.91318893,32.17897034,34.99029922,,30.92437935,31.20214081,32.22574997,31.82246971,32.79943848,32.19713974,
Japan,JPN,,32.58245087,32.89793015,34.86252975,39.36901093,40.29663086,40.61100006,40.76633072,41.01937866,41.03601837,41.60046005,41.23060989,41.4864502,43.31428909,45.95674896,45.85095978,45.74649048,45.36251831,45.62535858,46.49327087,47.97806168,48.65977859,49.39049149,50.14749146,50.47386169,49.76948166,49.28588104,49.6785202,82.07038116,83.41471863,84.54528809,85.45693207,85.59400177,86.65267181,86.91618347,87.70082855,88.38265228,88.93052673,89.61385345,89.69602966,88.19245148,87.27689362,87.84793854,89.92688751,89.25267792,,
Kazakhstan,KAZ,,,,,,,,,,,,60.72932053,,,,,70.36544037,,,74.31884766,80.70702362,75.39369965,72.07803345,61.21121979,51.96244812,38.55907059,29.16428947,25.37870979,14.62209034,14.87242985,20.4921093,26.85923958,27.23088074,29.23105049,30.19938087,32.38885117,33.59395981,36.13386917,37.4670105,37.90483856,,48.07273102,53.50197983,57.22861862,57.21908951,60.37080002,59.57585144
Kenya,KEN,,,,,,,,,,,,,,26.26588058,,26.60205078,28.98036957,28.16243935,,32.32772064,33.5468483,35.06740189,35.23564148,34.39511108,35.1888504,36.36941147,37.86911011,39.02207184,39.47716141,42.97938919,43.55641174,43.24105072,48.05860901,51.68714142,51.44763947,50.49026871,49.66513824,48.53100967,47.80155182,51.87435913,,,60.90840912,,73.79904175,76.22380066,
Kyrgyz Republic,KGZ,,,,,,,,,,,,,,,,,30.29809952,,,32.74472046,33.9159584,33.53971863,30.5976696,23.22454071,13.93282032,9.261980057,,,,10.09916973,9.824649811,10.2764101,10.42879963,10.98285961,11.82499027,13.1962204,14.66277981,16.0667305,17.24658012,18.21423912,18.6162796,20.15283012,23.97687912,26.25210953,25.32621002,27.58789063,
Cambodia,KHM,,,,,,,,,,,,2.590790033,3.028239965,4.590750217,6.966740131,7.045859814,8.886819839,7.548560143,6.896930218,6.221169949,5.480989933,4.666250229,,,5.103600025,4.679450035,,4.207220078,4.382589817,5.246379852,6.342679977,7.880829811,9.135979652,8.941300392,10.22465038,10.47214031,11.30768967,12.35980034,13.17953014,,12.49833965,12.43083,14.51797009,14.63096046,17.60209084,17.94376945,
Kiribati,KIR,,,,,,,,,,,,,,,,,,,,,,,,,,,,,,,,,52.58620834,64.9606781,,,,,,,,,,,,,
St. Kitts and Nevis,KNA,,,,,,,,,,,,,,,,56.81145096,74.93759155,,67.98561096,84.00830841,78.00524902,75.23709106,90.21913147,101.8867874,98.70549774,97.18534088,124.2105331,127.8514633,,,,,117.2684479,,97.44898224,98.7283783,,90.4958725,84.94452667,86.61630249,90.01068115,95.63365173,,81.6465683,94.16362762,86.29707336,
"Korea, Rep.",KOR,,2.522900105,2.524389982,2.556730032,2.88696003,3.17682004,3.672679901,4.258810043,4.784870148,5.449930191,6.657509804,7.907839775,18.96783066,21.60852051,27.30421066,34.12205887,42.38282013,47.38798141,52.50579834,53.53364182,55.51976013,58.32875824,63.29616165,71.22128296,77.83365631,85.42112732,86.27059937,,,,,,,,,,,,,,,,,91.6434021,92.82328033,93.58220673,
Kuwait,KWT,,38.40620041,35.62361145,34.34938812,33.60800171,33.91624832,35.32508087,35.28281021,33.95806885,34.13589096,33.23482895,36.47373962,39.54420853,41.55241013,43.40406036,45.20338058,48.11008072,48.50764847,48.79624176,48.62855148,48.71892929,35.42713928,39.8052597,53.62509918,58.15119934,66.00415039,66.76895142,71.06513214,80.64430237,85.42942047,87.22206879,85.38699341,83.61858368,80.01734924,75.86659241,77.15325165,77.1833725,81.23188782,82.80879211,,82.16390228,80.98744202,,,,,
Latin America & Caribbean (excluding high income),LAC,8.024570465,8.390339851,8.829719543,9.282420158,9.755760193,10.76906967,12.25903034,13.48375988,14.46551037,15.89628983,16.9633007,19.25527,22.07268906,24.33337975,27.02882957,28.82467079,31.23642921,38.2225914,38.75833893,39.23038101,43.07941818,41.40497971,43.56726837,45.32873154,46.23191833,48.16809082,49.80559158,50.90822983,52.09381866,53.45869064,54.80775833,55.66849899,56.08868027,57.16107941,58.28305817,60.42966843,62.64136887,64.33937073,67.99140167,69.04701996,64.67806244,68.6796875,70.1619873,78.16977692,71.98815918,,
Lao PDR,LAO,,,0.806209981,0.434119999,,,,,0.78737998,1.116250038,1.258909941,1.675449967,3.0255301,3.171469927,3.966530085,4.720849991,6.171979904,,7.331200123,,7.129730225,7.073460102,6.061890125,6.223700047,6.522679806,6.790440083,7.364910126,7.761079788,7.724090099,7.334330082,7.533299923,6.956140041,6.989709854,7.647439957,8.323630333,9.243700027,10.19812965,11.40093994,14.51889992,17.86173058,19.90967941,21.2446804,24.27312088,28.61031914,32.3574791,35.34938049,
Lebanon,LBN,,67.784729,,,65.6866684,,,,55.16362,,58.90982056,58.14490128,57.1012001,57.59394836,,55.98387146,,63.88967896,,67.25318146,,,70.42976379,72.66721344,79.05854034,82.56532288,84.44690704,84.4141922,83.85901642,75.7397995,80.47125244,83.98879242,79.40338135,76.26374054,75.2039032,72.68878937,72.11480713,74.45417786,76.19425964,79.82689667,84.59213257,84.9447937,83.18393707,84.48899078,94.8794632,77.59599304,
Liberia,LBR,46.35929108,49.61999893,53.45785904,,,53.56752014,48.29327011,,56.11967087,62.7115593,67.41265869,,,,34.8683815,,,,,,,,,,,,,,29.88246918,47.19829941,61.1218605,,,,,,,,,,,,,,157.901062,156.0634155,
Libya,LBY,,0.941579998,1.709190011,2.496500015,3.034369946,3.320729971,4.048639774,4.144110203,2.54479003,,3.500540018,4.015460014,,5.345610142,5.515860081,5.930729866,6.192850113,,,,,,,,,,,,,4.656879902,,7.970399857,7.781089783,,,,9.888689995,,,,,,,,,,
St. Lucia,LCA,,,,,,,,,,,,,,,,,53.74365997,61.67824173,,62.95524979,64.60875702,75.76956177,74.8376236,64.67421722,70.41773224,68.21201324,81.44534302,76.82231903,79.53762054,81.14552307,63.68632126,64.92027283,65.51777649,63.24663162,65.42658997,69.67851257,65.65083313,66.44657135,67.6896286,66.39344025,59.72415924,59.9054985,61.29883957,59.95391083,64.7532196,57.46524811,
Latin America & Caribbean,LCN,8.401260376,8.784500122,9.246060371,9.687069893,10.27589989,11.32938957,12.81177998,14.08388042,15.08561993,16.50568962,17.59556007,19.84375,22.64899063,24.85803032,27.48402977,29.34337044,31.73402023,38.59342957,39.14468002,39.60998154,43.4033699,41.71997833,43.9744606,45.75534821,46.68476105,48.66738129,50.33515167,51.35604095,52.70174026,54.14191055,55.48397064,56.3031311,56.70549011,57.67776871,58.79904938,61.00381088,63.17258072,64.86412811,68.44718933,69.54531097,65.63243103,69.67269897,71.10079956,78.96853638,72.98618317,,
Least developed countries: UN classification,LDC,,5.419730186,5.39880991,5.386899948,5.888669968,6.490459919,6.99368,7.485340118,7.987390041,8.516130447,8.94287014,9.458569527,9.679109573,9.996179581,10.36213017,10.68572998,11.27458954,11.67113018,12.07857037,11.52892017,10.94830036,10.34123039,9.902509689,9.427709579,8.876059532,8.472960472,8.142450333,7.79598999,9.154459953,8.935440063,9.310020447,9.752260208,9.9581604,10.30401039,10.91429043,12.15299988,13.04259968,11.18540001,11.87407017,12.43572044,12.78958035,14.93859959,17.27429008,18.10170937,18.6371994,,
Low income,LIC,9.569140434,9.864999771,10.10017967,10.44029045,10.86341953,11.35906029,11.32246017,11.27715015,11.13053989,10.97078037,10.58988953,10.37847042,10.14430046,9.841070175,9.536709785,9.470640182,9.60352993,10.19347,10.52250957,10.78334999,10.90789986,10.86050987,10.70547962,10.53791046,10.18492031,10.11376953,10.43585014,9.790570259,10.49973011,10.72877979,10.98005009,11.01418972,11.08833027,11.44631958,11.62236023,12.60638046,12.90170956,13.43610954,14.64447021,15.09698963,15.19349003,15.59901047,17.65344048,19.12836075,19.85931015,20.82671928,
Liechtenstein,LIE,,,,,,,,,,,,,,,,,,,,,,,,,,,,,,,,,,95.63678741,99.76077271,,99.37811279,99.4936676,96.0835495,98.34938049,103.7447968,95.1443634,99.33511353,,105.6865463,103.6363602,
Sri Lanka,LKA,,,,,,,,,,,,,,,,,,,,,,,,,,,,,,,,,,,,,,,,82.14305878,89.98023224,90.64547729,94.58348846,94.9881134,93.60626221,93.03975677,
Lower middle income,LMC,12.63173008,12.68597031,12.84737015,13.01478958,13.28645992,14.00969982,14.42936039,14.97381973,15.6936903,16.08522987,17.07280922,16.93252945,17.2184906,17.4824791,17.90037918,18.24154091,18.77029991,18.95067978,19.64221954,19.50531006,19.27416039,19.32523918,19.02158928,18.64031982,18.89414978,19.0209198,18.92757034,19.19020081,16.54166031,15.7920599,15.69011974,15.44373989,16.33647919,17.05454063,17.5063591,18.13134956,20.43297958,21.68404961,23.09843063,23.38895035,23.38376999,25.48768044,27.59786987,30.01999092,31.58802032,32.27677155,
Low & middle income,LMY,,,,,,,,,,,,,,,,,,,,,,,,,,,,,,,,,,,,,,,,,,,,,,,
Lesotho,LSO,,,,,,,,,,,,,,,,,,,,,,,,,,,,,22.99988937,21.14463997,19.3408699,26.11553955,26.14237976,26.06139946,,28.69778061,,,,,35.64146042,40.39632034,40.47002029,36.50170898,31.16571999,33.95215988,
Late-demographic dividend,LTE,,,,10.30014992,10.25687981,10.49973965,13.1497097,18.87443924,16.29224014,16.47481918,18.1559391,21.01144981,21.29095078,22.77634048,24.28692055,26.47843933,28.87908936,31.50612068,32.5515213,32.29072189,32.18267059,31.47971916,31.92457962,32.09521103,31.47312927,32.17015839,32.97880936,34.1368103,43.40319824,45.29861832,46.18722153,47.20867157,46.71701813,48.7344017,50.6987114,52.70544815,54.96166992,55.99528885,57.38116074,58.23556137,59.47158813,64.74202728,70.75357819,76.97171783,79.61096954,,
Lithuania,LTU,,,,,,,,,,,,51.74848938,,,,,64.69676971,,,66.6436615,61.54666901,58.29491043,48.61933136,40.06468964,30.58712006,33.81893921,37.44754028,40.89406967,46.88237,51.11877823,53.61378098,53.15610123,56.00907898,60.2551918,62.33639145,65.90405273,71.72296143,72.80741882,75.44882965,78.67314148,79.22830963,79.63333893,81.15167236,84.4729538,88.24764252,91.31036377,
Luxembourg,LUX,72.30380249,76.6228714,82.08006287,86.04016876,88.48210907,89.08365631,92.51313782,92.65161896,80.99391937,82.40751648,92.78993225,93.83157349,93.59197235,93.52172089,95.55609894,92.47402954,93.75678253,99.1060791,93.82933807,90.90593719,90.98834229,92.3502121,93.75270081,,96.08824158,102.9403,94.51937103,92.38210297,92.25199127,71.10238647,77.6943512,79.2545929,83.39086151,85.83448792,84.40759277,86.94629669,87.3855896,86.11992645,86.94783783,,89.21199799,88.61300659,92.03555298,93.48529053,93.80973816,,
Latvia,LVA,,,,,,,,,,,,58.27996063,,,,,67.01873779,,,,55.39233017,46.76221085,37.83049011,27.75954056,31.1330204,37.8875885,44.61978149,47.97528839,50.56515121,53.81275177,56.88764191,57.42300034,60.87538147,75.51130676,81.44963074,87.68321991,92.28530121,93.34567261,90.72875214,89.00865936,87.05619049,89.60582733,92.24743652,92.7094574,90.92925262,88.19287109,
"Macao SAR, China",MAC,,44.49414063,42.16518021,,37.09291077,33.23915863,42.78364182,61.08023071,62.61978149,71.9158783,,,,,,,,,,93.08255768,93.62142181,98.6679306,97.06199646,93.24008942,,,,,,90.405159,89.63452148,86.78903198,85.64421844,85.306427,85.26496887,81.41710663,76.71913147,74.3366394,74.95452118,77.26888275,85.09008789,94.18534088,96.22041321,95.27713013,92.18858337,92.13625336,
St. Martin (French part),MAF,,,,,,,,,,,,,,,,,,,,,,,,,,,,,,,,,,,,,,,,,,,,,,,
Morocco,MAR,,,,27.11047935,26.7857399,29.19169044,33.89966965,38.0998497,39.5617485,42.10654831,44.93022919,50.18135834,51.29655838,52.81669998,55.54359055,58.14151001,56.59104156,56.51776123,55.64519882,56.83362961,56.59939957,58.13988876,56.39036179,56.24375916,57.42234039,59.33636093,61.47383118,62.63703918,65.57385254,60.62668991,60.75276184,57.29964066,57.63539886,55.87443161,56.34117126,58.06864166,60.13806152,60.87850952,58.16772079,62.90655136,58.58728027,,57.73257828,55.90274048,59.18209839,56.86927032,
Monaco,MCO,,,,,,,,,,,,,,,,,,,,,,,,,,,,,,,,,,,,,,,,,,,,,,,
Moldova,MDA,,,,,,,,,,,,58.3351593,,,,,66.32019806,,,71.71186829,72.49019623,72.70704651,69.91036224,60.75780106,56.46915817,49.61865997,,,,48.41082001,42.46619034,44.08702087,47.63430023,57.04885864,61.11281967,66.05888367,70.72471619,70.14161682,72.62811279,74.36624146,75.50634766,77.14787292,79.64987183,82.05825806,83.75501251,83.89848328,
Madagascar,MDG,,,,,,,,,,,,,,,,,,,,,,,,,,4.33728981,,,3.988389969,3.319070101,3.321290016,3.335380077,,,,7.521959782,8.153459549,8.369870186,8.674369812,9.585450172,8.599780083,,,12.35865974,13.89449978,18.06114006,
Maldives,MDV,10.91720009,9.953020096,,,,,,13.30231953,12.95209026,,,15.72681046,17.62207985,,,,17.58614922,,,,,,19.46755981,56.33074951,,66.21726227,63.29647064,65.8529129,49.72991943,53.80350113,59.80242157,62.00804138,65.26869965,59.25651932,71.30003357,75.40480042,80.77335358,83.5875473,,,,,,,,,101.4953308
Middle East & North Africa,MEA,8.607740402,8.579620361,8.592760086,8.526320457,8.711090088,10.06564045,11.62839985,12.34856987,12.48120975,13.49674034,13.54489994,13.46658993,13.73143959,13.65662956,13.97609043,13.2277298,13.40320969,13.51593018,13.62160015,14.07993031,14.37559032,14.5718298,14.68153,14.3284502,14.36287022,14.43278027,14.99505043,15.85503006,16.28405952,16.12373924,16.94791985,17.39385033,18.19286919,19.07268906,19.87976074,21.21990967,23.63237953,23.91369057,25.12854958,26.9199791,27.63931084,27.36797905,27.03738022,27.31666946,29.87269974,,
Mexico,MEX,,12.26272964,12.42381954,,12.18889046,12.50214005,13.24507999,14.88401985,15.00121975,,17.97233009,22.98921967,30.44618988,37.08375168,42.3926506,48.80358124,54.00799179,57.89485931,59.59196854,60.32450867,59.90158081,61.30374908,62.00970078,62.74243164,64.57836151,66.31716919,67.59339142,68.51979065,69.6030426,70.20098114,70.53536224,70.83822632,70.7947998,74.8661499,77.02940369,84.39621735,92.04792786,98.54199219,99.37264252,97.76412964,97.8585434,98.97412872,100.790741,68.37203217,68.95825958,,
Marshall Islands,MHL,,,,,,,,,,,,,,,,,,,,,,,,,,,,,,57.26198959,,,56.73485184,,,,,46.97266006,49.82331848,48.73680878,,47.72576904,,,,40.3685112,
Middle income,MIC,10.68194962,10.51000977,10.37899971,10.3018198,10.33730984,10.81233978,12.7234602,16.50835037,15.09982014,15.34619045,16.54932976,18.17737961,18.60984039,19.63446045,20.65802956,21.93041039,23.47522926,25.01420975,25.89360046,25.78890038,25.71952057,25.58876038,25.89883041,26.00226974,25.86502075,26.31668091,26.6997509,30.27351952,27.62677002,27.71409035,27.99449921,28.09654045,28.20087051,29.28236008,30.25709915,31.38105965,33.8164711,34.60153961,36.05546951,36.72758865,37.25640869,40.09801865,43.39241028,46.10528183,48.12210846,49.33216858,
"Macedonia, FYR",MKD,,,,,,,,,,,,,,,,,,,,,,,,22.75407982,23.14537048,24.97520065,26.20524025,26.20487022,25.96899986,27.0933609,28.86856079,29.11795998,28.75839996,29.52350044,30.48259926,31.30364037,33.11442184,36.3360405,21.38911057,23.01721001,24.10264015,25.36474037,28.65604973,31.15597916,34.43582153,36.35166931,
Mali,MLI,,,,,,,,,,,,,,,,,,,,,,,,,,1.287510037,1.35927999,1.554710031,1.741170049,1.533169985,1.525220037,1.550220013,1.32960999,1.744779944,2.156680107,2.725909948,2.96559,3.044630051,3.289340019,3.20133996,3.204159975,3.431070089,,3.709379911,3.947139978,4.055970192,
Malta,MLT,36.24454117,45.25196838,44.61849976,54.40644073,53.93529129,78.54528809,67.74194336,72.62953186,66.20616913,65.12728882,69.41755676,67.81588745,65.86676025,65.49862671,66.01876068,66.53604126,67.55901337,70.97693634,72.2820816,100.6847534,101.1457214,102.1213226,106.75737,109.5572205,112.0109863,103.269249,104.719902,106.1680298,102.4068527,101.8233185,98.62461853,98.15589905,96.63916016,95.54309082,95.16918182,93.07717133,93.36573029,104.0430603,107.620491,106.1875992,110.9880066,113.828537,116.6688004,111.0265732,108.3677902,111.1687393,
Myanmar,MMR,,,,,,,,,,,,,,,,,,,,,,,,,,,,,,2.071769953,,,,,,,4.377240181,4.587180138,5.190279961,5.558469772,7.465929985,,,,23.45993996,,
Middle East & North Africa (excluding high income),MNA,7.419239998,7.363080025,7.33438015,7.325160027,7.421030045,8.394100189,9.968549728,10.82540989,11.04129982,11.65886974,11.71973991,11.59263039,11.7824297,11.66287041,12.09506989,11.30432034,11.42438984,11.56529045,11.65287971,12.06536007,12.40202045,12.70569038,12.76047039,12.26424026,12.21817017,12.46654987,13.07888985,13.83959007,14.89118004,14.44149971,15.28652954,15.54776001,16.2548008,16.98257065,17.97842026,19.4031105,22.11944008,22.05035019,23.33616066,25.17163086,26.1804409,25.45326042,24.91687965,24.90999985,27.52492905,,
Montenegro,MNE,,,,,,,,,,,,,,,,,,,,,,,,,,,,,,,,32.13959122,34.59619141,33.67918015,31.96121979,31.46340942,30.80703926,26.69749069,28.31517982,30.06257057,31.14451027,54.12157822,59.66279984,,,55.35472107,
Mongolia,MNG,16.96632004,17.64380074,18.87134933,19.09231949,19.77095032,20.19872093,20.39607048,20.73212051,21.29220963,22.08896065,23.19171906,24.25267982,25.06255913,25.5821991,26.3004303,27.71800041,28.90497017,31.54486084,31.09443092,34.75864029,37.0237999,40.18087006,38.60363007,33.63776016,22.99681091,23.13249969,24.49246025,26.57159042,23.55003929,26.58910942,29.42905045,31.01310921,33.99980927,36.81993866,38.84375,46.39368057,54.26805115,54.42612076,57.51314163,76.36818695,78.60691833,83.87888336,85.86670685,,,,
Northern Mariana Islands,MNP,,,,,,,,,,,,,,,,,,,,,,,,,,,,,,,,,,,,,,,,,,,,,,,
Mozambique,MOZ,,0.179089993,0.181529999,0.214210004,,,,,,,,,11.14573002,14.85074997,16.60424042,15.70790005,10.98639011,,,,,,,,,,,,,,,,,,,,,,,,,,,,,,
Mauritania,MRT,,,,,,,,,,,,,,,,,,,,,,,,0.388379991,,,,,,,,,,1.907850027,1.738219976,,,,,,,,,,3.316410065,10.60464954,
Mauritius,MUS,20.58357048,20.29224014,20.17989922,20.9362793,20.71215057,22.51017952,19.32608986,18.61461067,26.79883003,27.93404007,26.69342995,25.57753944,24.6889801,,,,,,,,53.86003876,,,84.02590179,,76.3229599,80.32462311,96.07237244,92.2276535,94.3815918,90.96009827,92.98603058,94.98883057,104.7066498,100.4663773,100.9758072,99.48020935,96.51184082,95.486763,99.22219849,104.7172165,106.4929199,105.8652573,104.5557404,102.2282486,103.8610229,
Malawi,MWI,,,,,,,,,,,,,,,,,,,,,,,,,,,,,,,,,,,,,,,,,,,,,,81.61180878,
Malaysia,MYS,,,,,8.088489532,,,,,,23.21603966,,31.21812057,33.09466171,33.12232971,34.49525833,,34.92631912,32.33871841,35.18951035,34.34572983,38.43402863,39.18046188,40.03216171,59.93790054,45.06872177,39.7425499,,55.67676926,53.60681915,51.39294815,51.98807907,52.72591019,56.30772018,61.07978821,63.4489212,58.09838867,62.17824936,73.50874329,75.28578186,77.68202209,,83.35027313,87.92079163,91.0352478,93.94883728,
North America,NAC,37.90932846,37.90793991,37.79917145,40.3847084,43.01929092,47.68809891,52.07928085,51.0485611,48.81494904,48.6791687,49.00458908,52.75017929,52.82963181,54.52153015,56.27202988,56.95830917,60.58668137,61.39371109,61.14617157,60.15382004,60.92060852,64.89922333,66.40689087,67.77971649,69.26426697,70.76464844,72.43660736,66.26661682,60.0908699,60.14826965,59.66791153,63.28279877,65.0017395,62.53580856,65.00128937,64.41187286,64.27084351,64.43215942,60.59230042,59.69564819,72.60458374,74.02456665,74.99266052,71.41026306,71.61679077,,
Namibia,NAM,,,,,,,,,,,,,,,,,12.02737999,8.33010006,11.97467041,11.81116009,13.74050999,13.65913963,12.57483959,10.91071033,9.902899742,,,,,32.65932846,,39.13510132,45.91592026,,,,30.07027054,,,,,,15.51858044,21.43946075,,,
New Caledonia,NCL,,,,,,,,,,,,,,,,,,,,,,,,,,,,,,,,,,,,,,,,,,,,,,,
Niger,NER,,,,0.219459996,0.245169997,0.238100007,0.266719997,0.364459991,0.422520012,0.459069997,0.602270007,0.43799001,0.445959985,0.447890013,0.482309997,0.56408,0.585590005,0.672500014,,1.298290014,1.451629996,1.51473999,1.642040014,1.508430004,,1.10897994,1.001649976,1.103710055,1.164389968,1.095229983,0.943710029,1.085109949,1.306200027,1.375759959,1.385769963,1.428460002,1.711459994,1.91613996,2.398230076,2.978559971,4.033040047,5.52628994,6.061950207,6.993480206,7.122719765,7.365499973,
Nigeria,NGA,,,,,,,,,,,,,,,,,,,,,,,,,,,,,,,,25.4752903,,35.8162384,44.3891716,43.73522949,,,38.22518921,40.51713943,41.73838043,,,,,,
Nicaragua,NIC,3.189650059,2.539309978,2.572129965,2.324719906,2.505160093,2.401560068,2.726919889,2.634469986,2.161129951,4.230319977,6.869780064,,8.206879616,10.43575001,12.32359028,12.52661037,14.16730022,14.65571022,13.94246006,12.05770016,11.62981987,12.56235027,12.17496967,14.50115013,17.68779945,18.05459023,21.08432961,24.37789917,26.59248924,29.73566055,31.10469055,30.81944084,33.60184097,35.04217911,38.36085892,41.42631912,54.92924118,56.67718887,58.68489075,,58.32188034,,,,,,
Netherlands,NLD,,99.73571777,99.94468689,101.366539,104.795433,108.0857086,111.419838,110.9738998,108.3508301,106.9366302,106.8905563,108.0646896,109.3158112,112.534111,114.9016113,117.7514572,106.946312,103.7870026,98.50950623,97.46798706,97.97783661,100.0077591,100.1921463,98.76753235,98.43003082,100.1686401,101.2435684,100.223381,,,,,,,,,,,,,,91.6765976,92.2305069,94.3830719,94.85250092,95.63011169,
Norway,NOR,,,5.04049015,,,9.605199814,11.54485989,14.07211018,19.66642952,24.98545074,29.91946983,33.70927048,37.16202164,40.32997131,43.67776108,46.90488815,49.596241,52.42861176,55.00889969,57.72428894,61.44208145,65.64257813,71.40003967,78.08746338,69.1449585,72.68153381,74.65969086,76.02822876,72.92410278,75.04332733,76.44181824,77.66529083,79.3044281,82.03736877,85.40457916,87.92591095,89.67803955,91.68025208,94.70523071,97.31057739,98.63047028,98.80352783,99.07778931,98.88783264,98.20053864,97.49228668,
Nepal,NPL,,,,,,,,,,,,,,1.047170043,1.147459984,,,,,,,,,,,,,7.7104702,,10.59195042,12.17693043,12.37499046,12.25456047,17.30673981,17.88624001,35.92348099,,39.84827042,60.378479,66.01927185,71.8974762,78.61482239,83.17469025,84.52629852,85.75847626,85.41809082,84.21379089
Nauru,NRU,,,,,,,,,,,,,,,,,,,,,,,,,,,,,46.70138931,,74.3087616,75.62724304,77.12895203,76.76239777,68.81259155,100.6483002,92.65129852,95.57142639,94.17613983,,,,67.96875,,90.1864624,,
New Zealand,NZL,20.26531029,21.30216026,22.49496078,24.01861954,25.26228905,46.12474823,48.64294815,49.01781082,48.3610611,50.56515884,51.66889191,53.13695145,57.36172104,,62.36568069,62.67277908,63.15496063,61.17034912,60.26150894,,,,,,,,,,,,,,,,,,,,,,,,,,91.81983185,93.18428802,
OECD members,OED,42.86077881,42.93540955,43.23522949,44.83472061,46.88225174,48.76099014,50.36396027,50.42757034,49.85430908,49.97275925,50.55007935,52.24808121,53.55596161,55.41790009,57.30720139,58.82302094,60.99953842,61.68833923,61.88341904,61.77333069,62.57115173,64.24668121,65.13522339,66.29441833,67.69499207,68.69979095,70.06343079,68.88300323,70.25553131,69.06011963,69.30152893,71.09912109,71.78237152,71.62930298,72.28395844,74.3959198,76.3325882,77.5537796,76.90579224,76.87683868,81.98667145,83.4651413,84.35019684,83.02683258,79.32176971,,
Oman,OMN,,,,,0.03348,0.075120002,0.274549991,0.088969998,0.072530001,0.339210004,,0.52640003,0.831860006,0.988650024,0.926670015,1.640460014,1.58660996,2.319410086,2.407399893,2.5353899,2.559370041,3.022959948,3.422810078,3.559880018,3.785219908,4.229720116,4.351669788,5.346149921,5.850440025,,,,,,,,,37.11870956,44.83164978,45.69382095,,54.34926987,52.2970314,50.11265182,54.40750885,55.55432892,
Other small states,OSS,,,,,,,21.83131981,21.93684959,22.00882912,22.43219948,22.47278976,22.51754951,22.42848969,22.7101593,22.92868042,23.02713013,23.25395966,23.15373993,23.47351074,23.66492081,23.77407074,25.1466198,24.87467957,25.76262093,25.34577942,25.51734924,25.9688797,26.72858047,26.61404991,26.55249023,26.30426025,27.63046074,28.46425056,28.57382011,29.18618965,29.78128052,30.26239967,31.37528038,33.49528122,34.59194183,35.17866135,36.49610138,36.17774963,36.57321167,36.70471954,,
Pakistan,PAK,,,,,,,,,,,,,,,,,,,,,,,,,,,,,,,65.85588074,59.58407974,45.32984161,39.0882988,44.44599152,51.01531982,71.56073761,81.39875031,87.58506775,83.54824066,,,78.25579834,77.95462036,70.23635864,72.31954193,
Panama,PAN,14.6333704,16.03899956,18.72624016,20.33048058,22.16246986,23.75960922,23.61284065,24.33875084,28.52730942,33.47732925,32.21371841,39.84144974,43.1917305,45.09257126,46.03390121,47.56066132,50.67815018,56.4204216,55.7445488,54.03226852,51.4185791,55.58779144,54.52727127,57.71987915,66.31642151,66.26236725,73.33492279,,,38.15282059,43.68317032,48.94097137,53.53662109,50.77225113,52.63331985,60.28635025,66.24352264,70.22744751,69.31681824,66.37608337,67.26064301,65.68479156,68.15799713,47.30099106,48.29030991,,
Peru,PER,5.685780048,6.207389832,6.722799778,8.48348999,9.818519592,12.06669044,13.17099953,13.29057026,13.3625803,13.70503044,14.74464989,15.77375984,17.18630981,18.39056015,,20.39201927,22.48859978,25.53236961,28.65855026,31.70768929,29.27528954,29.58935928,30.0657196,32.52547073,32.80606079,34.57043839,36.5037117,37.58555984,56.77080917,55.83238983,58.51319122,62.01934814,59.95011902,59.36951065,62.21501923,63.90090942,64.78922272,68.84739685,72.78132629,77.26956177,78.58772278,76.93184662,77.54467773,85.2245636,87.55407715,88.70420074,
Philippines,PHL,,4.620739937,4.648729801,5.473490238,5.984960079,6.549139977,6.957379818,7.397799969,7.821139812,,,9.074339867,10.81494045,11.06387043,12.2863903,11.72356033,12.2514801,12.49680042,12.66526031,13.19729996,19.09100914,22.91802979,21.61804962,23.12154961,24.83605003,29.14767075,28.96386909,28.65974045,28.83456039,29.5986805,25.42111015,28.95859909,31.21044922,35.91326904,36.65645981,37.35194016,41.6962204,44.05746841,46.25891876,54.41801071,,,,,,,
Palau,PLW,,,,,,,,,,,,,,,,,,,,,,,,,,,,,,,,,70.44944,79.46209717,87.51715088,,,,,,,,,84.94152069,74,,
Papua New Guinea,PNG,0,0,0,,,0.02984,0.042369999,,0.100660004,0.112709999,,0.152730003,0.168730006,,0.537180007,,0.532220006,0.524429977,0.41979,0.467579991,0.389580011,0.287339985,0.348639995,0.565930009,0.606540024,0.988259971,,,35.98756027,,,,61.17853928,,,,,,100.3825226,,,,,,,,
Poland,POL,,36.69964981,38.92193985,44.56423187,50.05802917,53.42702103,53.42942047,55.01594925,55.7698288,55.41418839,56.08742905,55.25543976,51.61407852,49.61579132,47.02159119,48.03538895,49.87625122,50.90307999,50.92470169,50.18859863,48.57564163,46.24621964,42.9204483,41.70222092,42.45801926,44.28131104,45.4053688,46.6782608,47.7016716,47.96389008,48.19517136,48.67966843,49.08525848,51.2890892,53.47346115,55.54970932,57.84511185,60.62306976,61.87054062,65.17696381,69.73348999,73.09116364,77.12284088,77.32421875,79.18502045,,
Pre-demographic dividend,PRE,,8.689419746,8.674389839,8.6667099,8.72329998,8.980480194,8.973050117,9.027970314,9.089799881,9.205599785,9.162500381,9.189620018,9.033370018,8.810850143,8.708230019,8.630319595,8.839449883,8.763589859,8.871689796,8.998339653,8.99104023,8.978930473,9.013130188,8.930080414,8.783809662,8.810850143,8.894169807,8.916419983,8.994990349,9.424489975,10.07612038,10.58944988,11.9734602,13.07612991,14.42469025,15.19044018,16.23999023,14.18924046,13.61587048,14.46767044,14.65995979,14.99876022,15.44847965,15.76994038,16.23764992,,
Puerto Rico,PRI,,13.49551964,14.0864296,14.47719955,14.73647976,14.94184017,15.04841042,,,,,,,,,,,,,,,,,,,,,,,,,,,,,,,,,,97.71659851,106.7867813,98.37612915,80.69228363,,,
"Korea, Dem. Peoples Rep.",PRK,,,,,,,,,,,,,,,,,,,,,,,,,,,,,,,,,,,,,,,,84.50184631,,,,,,50.82740021,
Portugal,PRT,,3.340019941,3.719209909,3.850500107,8.47012043,8.734620094,9.172060013,12.45073986,12.79829025,13.27247047,15.82818985,19.97842026,22.76679993,23.73067093,25.05846977,25.35401917,28.81014061,31.27452087,30.7530899,,34.3875618,50.67430878,,53.18181992,55.74655151,57.15419006,60.23125839,,65.50153351,68.28157806,72.4176178,75.5736618,76.23417664,78.75701141,79.56777191,80.89279175,81.35697174,81.24250031,81.90534973,85.3324585,87.7903595,91.06363678,91.11657715,90.56932831,91.82000732,93.70187378,
Paraguay,PRY,3.144579887,3.282040119,,3.097300053,,,,3.170599937,3.320189953,,4.044310093,,4.7019701,,,5.907710075,6.581540108,6.9822402,8.486069679,8.24532032,9.180290222,10.36773968,10.79238987,14.15995979,12.92415047,15.7550602,18.3646698,21.40909958,27.37491035,29.60889053,31.52102089,33.13811874,32.91690826,34.59717941,35.09729004,35.6182518,35.94332886,37.97190094,40.03253937,39.36174011,39.62031937,38.52957916,37.71456909,,,,
West Bank and Gaza,PSE,,,,,,,11.37594986,,,,,11.21399975,,,,,15.09010029,,,,,20.74824905,21.34387016,24.13603973,25.12148094,20.76018906,24.12122917,35.16838074,,35.47238159,34.34487152,30.17246056,28.78325081,26.90723991,30.85633087,32.38975143,34.13967133,34.59111023,37.23554993,39.86122131,39.57275009,41.02294922,40.58512878,45.59429169,50.65222931,52.22792053,
Pacific island small states,PSS,9.446490288,10.09208012,10.86695004,11.51546001,12.1806097,13.16876984,13.91139984,14.4327898,15.02460003,15.57833958,16.25033951,16.42914963,17.05739021,17.90331078,18.53758049,17.77285957,19.44524002,20.78084946,21.89147949,23.0499897,24.19259071,25.55241966,27.29586983,27.7824707,28.01708031,30.23007965,32.57165146,33.52087021,32.88373947,33.28142929,31.38648987,33.15921021,35.52264023,38.3132515,40.19028091,41.76660919,42.76992035,41.3600502,39.80440903,41.02270126,57.60264969,57.77539825,55.43922043,55.87363052,57.5811882,,
Post-demographic dividend,PST,46.8324585,47.03752899,47.79212189,49.95909119,52.61051941,55.50915909,57.78395081,58.23144913,58.22204971,58.16085052,59.09643173,59.06909943,60.08346176,61.81274033,63.79581833,64.5581665,66.23425293,66.8632431,67.0629425,66.96575165,68.15386963,69.9593811,70.83415222,71.63967896,72.77895355,73.53176117,74.80193329,73.05258942,74.39187622,75.54135895,75.94818878,78.15466309,79.24217224,79.74806213,80.35861969,81.70938873,82.84420013,83.03070831,81.99932098,81.6690979,87.00376892,88.14234924,88.70166779,86.32659149,87.09516907,,
French Polynesia,PYF,,,,,,,,,,,,,,,,,,,,,,,,,,,,,,,,,,,,,,,,,,,,,,,
Qatar,QAT,,11.65674973,15.66901016,15.54185963,14.66271973,16.43617058,18.04454994,25.07769966,19.95438957,21.23921967,22.47537994,23.08378983,27.73250008,24.70652008,23.40677071,22.7622509,19.05042076,16.53589058,17.30768967,18.19850922,18.96022034,16.19947052,17.90349007,19.20388031,22.73139954,22.83387947,23.60339928,25.81930923,27.53491974,26.28173065,28.43984032,28.88183975,33.01596832,36.42110825,35.89822006,39.1728096,40.64722061,44.11764908,52.88645935,55.37279892,,56.05757904,,53.01950836,56.18759918,58.78335953,
Romania,ROU,,36.75896835,37.61598969,39.04428101,41.90853119,44.53451157,46.20201874,47.58095169,50.25283051,54.84558868,57.42536926,59.17409134,58.40525818,55.82337189,54.62849045,55.16358185,54.81457138,54.75379181,56.52605057,59.1823616,60.31079102,55.09399033,53.83216858,53.58145905,50.21464157,52.44742966,53.62751007,54.98297119,58.09962082,65.70378876,68.73406982,71.57678986,72.5353775,72.46444702,71.07348633,72.86340332,73.98339844,74.68743134,75.89466858,77.35340118,79.18949127,80.45617676,80.42945862,92.27246857,90.45687866,90.98455048,
Russian Federation,RUS,,,,,,,,,,,,67.97647858,,,,,73.66323853,,,75.62812805,75.5234375,74.4801178,72.61212158,71.67849731,61.31922913,62.47906876,,,,,61.35712051,,,67.55065155,68.28888702,68.77590179,70.16661072,71.97881317,75.79364777,75.65081787,,74.6864624,76.5271225,79.7268219,83.80590057,86.96820068,
Rwanda,RWA,,,,,,,,,,,,,,,,,,,,,,,,,,,,,,,,2.822730064,,,,,,,16.62833977,16.82477951,10.58981991,11.88132954,13.44859982,14.3088398,15.69806004,17.98283958,
South Asia,SAS,7.579269886,7.657189846,7.8229599,7.962069988,8.336779594,8.764630318,9.178039551,9.645159721,9.922650337,10.34568977,10.7280798,11.26708984,11.37979031,12.11518002,12.41082001,12.84045982,13.55702972,13.88821983,14.38444042,14.09502983,13.67364979,13.73602962,13.41320992,13.28299046,13.84514999,13.83156967,13.59309006,13.65485954,11.59340954,10.69902992,10.23458004,9.715370178,10.33166027,10.45905018,10.33712006,10.78524017,12.92372036,13.7709198,15.68894958,14.69816017,14.68731976,16.27886009,16.84160042,18.66851997,18.15859032,,
Saudi Arabia,SAU,,,,,,,,,,3.914799929,,,,,,,,,,,,,,,,,,,,,,,,,,10.46504974,,10.67459011,10.8524704,11.01352978,11.13827038,12.05218029,13.62100029,13.52007961,16.33140945,17.35004997,
Sudan,SDN,,,,,,,,,,,,,,,,,,,,,,,,,,,,,,,,18.99501991,18.93432999,22.16521072,21.83399963,21.61837959,23.99529076,23.41122055,26.96236038,34.50329971,30.82320023,34.72428131,37.35564041,42.09223175,,,
Senegal,SEN,,,,,,,,,,1.014260054,1.073850036,1.441879988,1.401160002,1.456859946,1.451429963,1.527930021,1.957309961,1.957900047,2.09890008,2.160209894,2.201289892,2.2988801,2.282099962,2.23623991,2.140929937,,2.287100077,2.150039911,2.262789965,2.718450069,2.798019886,3.439879894,3.049139977,3.10029006,5.413269997,7.614799976,8.945899963,9.053629875,10.13992977,10.82866955,12.25949955,13.03748035,13.75870037,14.60334969,14.72313976,14.90421009,
Singapore,SGP,,,,,,,,,,,,,,,,,,,,,,,,,,,,,,,,,,,,,,,,,,,,,,,
Solomon Islands,SLB,0.257849991,,,,,,,,,,,,,,,,,,,,34.20402908,37.06544876,40.65470123,39.96825027,38.59460831,40.87149048,41.34471893,39.60177994,,,35.35089111,,41.01541901,,,,48.58771133,49.86872101,44.56832886,49.24475861,102.3431778,101.3897629,94.13433838,93.86260986,97.90161896,99.80864716,
Sierra Leone,SLE,,,,,,,,,,,,,,,,,,,,,,,,,,,,,,,4.408929825,4.451630116,,,,,,,,,,6.85627985,8.805410385,9.536580086,,10.16469955,
El Salvador,SLV,6.834229946,7.450819969,7.043429852,8.036299706,9.919569969,10.87858963,10.10194016,,11.62677002,,11.5005703,10.4660902,12.88251972,13.93188,13.9539299,,,15.75160027,16.7342701,,,19.54590034,22.70087051,26.21702003,27.15004921,30.65936089,34.31362152,40.56100082,40.88835144,43.76498032,45.98400879,48.88312149,52.80554962,55.72634888,59.21924973,59.66334915,60.6882782,60.13045883,60.80355072,60.64358902,65.6042099,66.1783905,67.03806305,69.22377777,71.68276978,72.17149353,
San Marino,SMR,,,,,,,,,,,,,,,,,,,,,,,,,,,,,,,,,,,,,,,,105.4326019,92.89568329,107.8651733,106.7829514,,,,
Somalia,SOM,,0.280310005,0.350430012,0.519370019,0.556540012,,0.447030008,0.453049988,0.554139972,1.610430002,0.581030011,0.552929997,0.449449986,0.493609995,0.308329999,0.356070012,0.409060001,,,,,,,,,,,,,,,,,,,,,,,,,,,,,,
Serbia,SRB,,,,,,,,,,,,,,,,,,,,,,,,,,,,,,53.91217041,51.4201088,53.73101044,55.48411179,55.63204956,56.57381058,56.32754898,56.84038925,49.61991119,49.68122101,51.3384819,52.70153046,55.63594818,57.31269073,58.36442947,59.16468811,58.17150879,
Sub-Saharan Africa (excluding high income),SSA,,,,9.292610168,9.39081955,9.508410454,9.577489853,9.705019951,9.853699684,9.952670097,10.10233974,9.984700203,9.755599976,9.55121994,9.444560051,9.372209549,9.592000008,9.888580322,10.09636974,10.14937019,10.20151043,10.18531036,10.21547985,10.14365959,10.04459,10.14873028,10.47819996,10.61655998,10.77548981,10.76858997,11.61396027,12.07164001,13.27334023,14.41191006,15.64140034,16.5110302,17.91107941,16.32959938,16.13780975,17.09824944,17.41748047,17.80903053,19.6455307,20.35603905,21.8731308,,
South Sudan,SSD,,,,,,,,,,,,,,,,,,,,,,,,,,,,,,,,,,,,,,,,,,5.76113987,,,,9.956620216,
Sub-Saharan Africa,SSF,,,,9.297260284,9.395429611,9.513259888,9.582590103,9.710510254,9.859539986,9.957300186,10.10918999,9.993639946,9.764760017,9.558520317,9.452210426,9.379879951,9.599840164,9.895799637,10.10342979,10.15674973,10.20862007,10.19192028,10.22179031,10.14966965,10.05049038,10.15468979,10.4840498,10.62222958,10.78087997,10.77375984,11.61872005,12.07577991,13.27737045,14.41555023,15.64515972,16.51465034,17.91455078,16.33311081,16.14135933,17.10168076,17.42083931,17.81222916,19.64864922,20.3589592,21.87594986,,
Small states,SST,,,,26.34050941,26.20594978,27.49404907,29.45630074,30.0531292,29.86343956,30.72843933,30.60379982,29.69120979,30.02518082,30.67705917,30.43070984,30.16165924,30.4994297,30.0809803,31.09544945,31.2168808,31.31908035,32.45286942,32.54862976,33.67311096,33.50704956,33.93394852,34.63114929,35.38674164,34.71073151,34.86500931,34.90840149,35.58227158,36.92461014,37.06396103,38.58016968,39.31959152,39.37667847,39.82265091,41.14458084,42.21820068,43.77677917,44.89413834,44.42087936,44.68262863,44.92956161,,
Sao Tome and Principe,STP,,2.265369892,1.935359955,,,,,13.88224983,11.09241009,,12.59469986,19.37026978,19.91925049,19.82836914,19.73277092,19.6694603,,21.39319992,23.64172935,,24.75041008,,,,,,,,,23.96343994,,27.41616058,28.16113091,25.37400055,28.91424942,29.3601799,,40.17815018,41.5440712,44.59038925,39.34518051,52.77674866,51.83966827,47.78969955,42.30955124,51.2073288,54.14271164
Suriname,SUR,,77.44165039,79.40408325,74.59229279,80.52239227,82.27120209,72.12718201,88.94706726,97.43173218,97.34757233,93.86965179,91.93437195,,,,105.4745865,105.8368073,97.436203,94.55661774,95.83397675,82.79740143,82.88394165,85.26808929,88.26024628,97.89546967,,,,,65.72036743,,71.73963165,79.47054291,,,82.04955292,77.73935699,79.03366852,86.08673859,88.71008301,79.46909332,80.3795166,88.92849731,94.35021973,93.66291046,93.37789154,
Slovak Republic,SVK,,,,,,,,,,,,80.81381989,,,84.41957855,,86.6190033,,,94.18412781,,85.55226135,75.84140015,76.36823273,75.44023895,73.4693222,70.91065216,75.74716949,78.08316803,80.60269165,81.53037262,81.37837219,84.00092316,89.32498169,94.68784332,96.9253006,94.28578949,94.12554169,93.34188843,91.48029327,91.44020081,90.73309326,91.64688873,92.37660217,92.09752655,93.63923645,
Slovenia,SVN,,,,,,,,,,,,52.37929153,55.05485153,57.17060089,58.17761993,59.17984009,56.57265854,58.30717087,61.36117172,61.51322174,62.24057007,62.86249161,54.47666168,53.52479935,57.20238113,59.2038002,60.92689133,63.15304947,63.8237114,74.92465973,76.57293701,75.19496918,73.08188629,67.11553192,57.50344086,78.20748901,81.80226898,81.29654694,83.96154022,85.86923981,88.52806854,91.35500336,95.05924988,94.39779663,93.41893005,,
Sweden,SWE,,,,30.20075989,,34.27754974,44.89670944,49.42004013,48.86930847,49.3131485,50.41233063,53.63045883,57.17658997,60.41770172,63.51158905,57.32305908,60.04413986,60.99195099,61.6657486,62.31235886,63.89651871,64.70774078,67.2382431,64.51143646,64.56276703,66.61473083,71.2617569,71.7182312,72.23744202,75.83637238,73.74044037,73.67858887,75.4074173,82.18837738,90.86589813,94.10096741,94.47914124,98.48271942,97.1147995,94.81472778,95.28677368,95.00861359,94.93979645,95.12348175,95.67048645,93.93657684,
Swaziland,SWZ,,,,,,,2.805160046,,3.045219898,,,,,,,,,,,,12.98925972,,,19.20582008,,,,,,,,,,,,,,,,,22.2511692,25.37421989,,,,,
Sint Maarten (Dutch part),SXM,,,,,,,,,,,,,,,,,,,,,,,,,,,,,,,,,,,,,,,,,,,,,,,
Seychelles,SYC,,,,47.25712967,47.82342148,,54.15151978,,62.8133316,52.96361923,75.81931305,98.78806305,104.5360184,86.99671936,93.59013367,97.01036835,99.73046112,94.84079742,94.630867,100.5235596,99.97070313,97.92543793,97.9785614,96.89922333,98.78353119,101.3724289,102.0331573,102.0138474,104.9555283,103.346199,100.2289124,93.46581268,97.22704315,94.36569977,101.6475601,100.1772385,99.36641693,99.26470947,102.3101196,103.3168716,105.9184418,100.9695282,99.23941803,93.18541718,93.03040314,90.48484802,
Syrian Arab Republic,SYR,,3.959840059,3.974240065,4.16410017,3.849420071,4.280139923,4.189360142,4.392809868,3.740540028,3.674289942,3.453219891,3.44362998,3.728369951,4.319900036,4.835529804,5.392660141,5.435770035,6.054200172,6.302100182,6.179120064,6.83934021,6.65128994,6.773099899,7.060569763,7.019370079,7.000919819,7.103660107,7.522480011,7.756010056,8.262989998,8.679180145,8.969470024,9.101380348,9.686169624,9.986319542,10.17327023,10.4573698,9.805720329,10.11165047,9.80753994,9.961580276,11.60367012,11.30998993,5.879310131,,,
Turks and Caicos Islands,TCA,,,,,,,,,,,,,,,,,,,,,,,,,,,,,,,,,,,,,,,,,,,,,,,
Chad,TCD,,,0.32980001,,,,,,,,,,,,,,,,,,,,,,,0.229750007,,,,,,,,,,,,,,,1.707239985,1.752850056,1.451329947,0.805549979,,,
East Asia & Pacific (IDA & IBRD countries),TEA,,,,3.24161005,3.223320007,3.482680082,6.325260162,12.62240982,9.167949677,8.723549843,10.3085804,13.24950027,13.16407967,14.23894024,15.37102032,17.41987991,19.68967056,21.16188049,22.74410057,22.50976944,21.61874008,22.0854702,23.01861,23.83773041,24.3212204,25.18320084,26.06207085,27.20396996,35.84453964,38.05778885,38.67995071,39.53104019,38.38343811,40.4718399,42.46331024,44.91437912,47.79045868,49.7731781,50.73871994,52.17002869,54.4591713,59.41513824,67.07745361,71.50639343,74.83480072,,
Europe & Central Asia (IDA & IBRD countries),TEC,47.44203186,47.16910934,47.63780975,48.51382828,49.65039825,51.48809814,52.11803055,52.91043091,53.92243958,54.06473923,54.69741058,52.42097855,52.70780182,53.00820923,53.33298874,54.31111908,55.1626091,55.95582962,56.63843918,57.20093155,57.62239838,56.29801178,54.52833939,51.76348877,46.96728134,46.27172089,45.03915024,43.60419083,42.01345062,39.47800827,39.27248001,39.97085953,40.99568176,43.35741043,44.21020126,45.51570892,47.3447113,49.18783188,51.43740845,52.88951874,54.65620041,56.35139084,57.90592957,56.75936127,57.86405182,,
Togo,TGO,,4.480659962,2.797049999,3.132679939,3.111779928,2.607259989,2.744970083,2.159859896,2.353379965,2.606780052,2.372999907,2.748399973,3.082030058,3.093689919,2.934240103,2.85416007,2.908040047,2.840329885,2.93392992,2.663520098,2.72213006,2.866440058,,,2.567859888,2.430550098,2.456840038,2.448689938,2.421149969,2.544800043,2.100569963,2.292010069,2.582060099,2.66057992,3.064009905,,3.85977006,4.21901989,4.712520123,7.195320129,7.328979969,9.188079834,10.72132015,13.74141026,15.04014015,17.53702927,
Thailand,THA,,3.882910013,3.818370104,4.194159985,4.444469929,4.935060024,5.561419964,6.265950203,6.775549889,7.244740009,8.351070404,9.695690155,10.10883045,11.16769028,12.86773014,14.71636009,18.85349083,28.67160988,33.71706009,40.79644012,42.05567932,44.64770126,47.13315964,52.3683815,61.72349167,67.80400848,61.77088165,66.05426025,,,,,,,,,,,,,,,,,72.78838348,69.1118927,
Tajikistan,TJK,,,,,,,,,,,,13.04463005,,,,,,,,,,22.18475914,19.96529007,15.68659019,15.1233902,14.27882004,10.22451019,9.435339928,8.33150959,7.777029991,7.251150131,7.573420048,8.250829697,8.535490036,8.977129936,8.880979538,8.917739868,8.888170242,8.909110069,8.766209602,8.445070267,8.923250198,,9.924139977,,10.64758968,11.06052017
Turkmenistan,TKM,,,,,,,,,,,,,,,,,,,,,,,,,,,,,,,,,,,,,,,,,,,,,62.85441971,,
Latin America & the Caribbean (IDA & IBRD countries),TLA,7.836060047,8.22630024,8.728980064,9.21683979,9.819700241,10.87432957,12.36668968,13.54067039,14.55169964,16.05818939,17.20303917,19.46530914,22.29464912,24.53140068,27.20161057,29.0528698,31.45756912,38.37150955,38.83826828,39.284729,43.11874008,41.34461975,43.68547058,45.43367004,46.35641861,48.3703804,50.01356125,51.07798004,52.42734909,53.24769974,54.65764999,55.45872879,55.86352921,56.81124878,57.93833923,60.21163177,62.39025116,64.1132431,67.76304626,68.97354126,65.07624817,69.10623932,70.55825043,78.80383301,72.63049316,,
Timor-Leste,TLS,,,,,,,,,,,,,,,,,,,,,,,,,,,,,,,,,6.051700115,,,9.835169792,,,,,,,,14.46568012,17.02310944,18.87315941,
Middle East & North Africa (IDA & IBRD countries),TMN,7.375360012,7.319550037,7.290959835,7.281630039,7.378250122,8.361539841,9.953000069,10.81968975,11.03831959,11.66302967,11.72490025,11.59675026,11.7802,11.65102005,12.07958031,11.27210999,11.38529015,11.5159502,11.59278965,11.9976902,12.32516956,12.61787987,12.66384029,12.12543964,12.06052971,12.36009026,12.92945957,13.53310966,14.57818031,14.09920979,14.96119976,15.29154968,16.03214073,16.80584908,17.75037956,19.17443085,21.89782906,21.82163048,23.08593941,24.91044044,25.94445038,25.17922974,24.64192009,24.54657936,27.11741066,,
Tonga,TON,,,,,,7.063799858,,,,,,,,,,,,,,,,,,,,,,,20.34020996,28.62651062,,,,,21.35959053,,,,,,,,35.53459167,,38.53759003,,
South Asia (IDA & IBRD),TSA,7.579269886,7.657189846,7.8229599,7.962069988,8.336779594,8.764630318,9.178039551,9.645159721,9.922650337,10.34568977,10.7280798,11.26708984,11.37979031,12.11518002,12.41082001,12.84045982,13.55702972,13.88821983,14.38444042,14.09502983,13.67364979,13.73602962,13.41320992,13.28299046,13.84514999,13.83156967,13.59309006,13.65485954,11.59340954,10.69902992,10.23458004,9.715370178,10.33166027,10.45905018,10.33712006,10.78524017,12.92372036,13.7709198,15.68894958,14.69816017,14.68731976,16.27886009,16.84160042,18.66851997,18.15859032,,
Sub-Saharan Africa (IDA & IBRD countries),TSS,,,,9.297260284,9.395429611,9.513259888,9.582590103,9.710510254,9.859539986,9.957300186,10.10918999,9.993639946,9.764760017,9.558520317,9.452210426,9.379879951,9.599840164,9.895799637,10.10342979,10.15674973,10.20862007,10.19192028,10.22179031,10.14966965,10.05049038,10.15468979,10.4840498,10.62222958,10.78087997,10.77375984,11.61872005,12.07577991,13.27737045,14.41555023,15.64515972,16.51465034,17.91455078,16.33311081,16.14135933,17.10168076,17.42083931,17.81222916,19.64864922,20.3589592,21.87594986,,
Trinidad and Tobago,TTO,,,,,,,,,,,,,,,,,,,,,8.287240028,,,,,,,,,,60.19392014,62.67845917,,78.82959747,85.63860321,87.7544632,,82.95480347,,,,,,,,,
Tunisia,TUN,,,,,,,,,,,,,,,,,,,6.341430187,,6.873030186,,9.119979858,,,,11.06348038,,13.01941967,14.08705997,15.91063023,17.15496063,20.27272987,,,,,,,,,,,41.24971008,42.80464172,43.94681931,
Turkey,TUR,,0.205689996,0.268959999,0.278039992,0.264990002,0.224720001,,,0.205929995,0.211140007,,0.187209994,0.218950003,0.221149996,0.232749999,3.119379997,4.421380043,3.883080006,3.822079897,3.915179968,4.148069859,4.458720207,4.970590115,5.145269871,5.476079941,5.711559772,,6.803520203,7.121459961,6.78470993,6.520170212,6.681270123,7.388160229,8.080160141,8.961819649,10.88914967,13.82499027,16.22933006,17.9702301,20.83774948,25.49723053,29.00050926,30.1975708,27.57946968,26.82578087,28.92580986,
Tuvalu,TUV,,,,,,,,,,,,,,,,,,,,,,,,,,,,,,,,95.79946136,,,101.9635315,91.04045868,105.1775131,,,,,,,,93.03482819,94.98747253,
Tanzania,TZA,,,,,,,,,,,,,,,,,,,,,,,,,,,,,,,,,,,23.8595295,26.64016914,26.93580055,30.77161026,33.30929947,32.09606171,32.09566116,34.6907196,33.6049614,32.34378815,32.01491928,31.78346062,
Uganda,UGA,,,,,,,,,,,,,,,,,,,,,,,,,,,,,,,,,,,,,,10.58673,12.27635956,,13.86058044,,9.369649887,11.00794983,10.81548023,11.62561989,
Ukraine,UKR,,40.4643898,45.24684143,50.05831146,55.1967392,65.69943237,69.55667114,72.80386353,77.27671051,74.16766357,76.52906036,59.22769165,60.47214127,61.68719864,63.33531952,63.3564415,63.70550919,63.90401077,65.09175873,65.67546082,67.13207245,66.25430298,65.53610992,60.01063156,58.69417953,,,,51.62734985,51.01369095,51.47219086,50.54943848,52.39881134,75.56900024,79.01979065,82.94683838,87.57730865,93.66078949,99.71360779,104.6554794,104.2004089,106.0820618,104.1529922,84.66165924,,,
Upper middle income,UMC,,,,8.884019852,8.800100327,9.131400108,11.80976963,17.35567093,14.75877953,14.9029398,16.22277069,18.98477936,19.55787086,21.18059921,22.73929977,24.80141068,27.21141052,29.87466049,30.88909912,30.75359917,30.75023079,30.38681984,31.03767014,31.34828949,30.81707001,31.55377007,32.38563156,40.70547104,41.79890823,43.24047852,44.49148941,45.74668121,45.38552094,47.49066925,49.58224106,51.94091034,55.07373047,55.48931885,56.92636871,57.95252991,59.01382065,63.31232071,68.54173279,71.67475891,74.33155823,76.11199188,
Uruguay,URY,,,,,25.58539009,26.30480957,26.93353081,26.21581078,25.4976902,25.95542908,25.2948494,26.39381981,29.4645195,32.23571014,32.58845139,33.15718842,34.22843933,37.37976837,39.82492065,42.69224167,42.63996887,42.56330872,42.29262924,40.78018188,41.65473938,41.69733047,45.02373886,51.26968002,56.07442093,59.48637009,63.37754059,64.60639954,66.62232208,65.52311707,67.29582214,75.92328644,79.39582062,80.38358307,86.10286713,88.84398651,88.5856781,,,87.89797974,88.43395996,,
United States,USA,,37.70735931,37.58720016,,42.75218964,,51.77251053,50.69522858,48.47507858,48.37646866,48.73460007,52.54227066,52.6897316,54.43453979,56.30479813,56.95265961,60.79005051,61.61894989,61.30353165,60.18690872,60.85200119,65.17431641,,,,71.25286865,73.00627899,,59.70864105,59.92078018,59.42369843,63.22565842,65.00272369,62.32440186,64.89573669,72.06403351,,,,,69.91136169,70.89717102,71.56664276,71.27391052,71.48999023,70.83908081,
Uzbekistan,UZB,,,,,,,,,,,,49.97851181,,,,,53.67433929,,,55.10134125,55.67509079,55.73625183,53.67021942,47.19757843,44.49803925,40.63158035,36.34169006,29.17123032,26.83636093,24.99201012,25.29735947,26.67301941,28.22014999,28.56897926,27.59049988,27.53774071,27.64621925,27.84122086,27.56804085,26.36252022,25.91856003,25.29240036,24.95771027,24.67110062,24.79664993,26.02448082,25.9841404
St. Vincent and the Grenadines,VCT,,,,,,,,,,,,,16.45396996,,,,,38.88587189,,,,45.49105835,,,49.80080032,,,,,,,,,,92.58992767,,,,,79.50530243,,,,78.27153778,68.86535645,93.16977692,
"Venezuela, RB",VEN,,4.234960079,5.986179829,7.155779839,7.734109879,12.66720963,18.61104965,23.54097939,27.12323952,27.01395035,28.04464912,33.78326035,36.07447815,37.84246826,38.38473892,38.91598892,39.28195953,36.96524811,36.6708107,36.36426926,36.5722084,39.96173096,41.59202957,41.29769135,41.31724167,42.34646988,41.00917053,43.59132004,45.06660843,44.09394836,47.80772018,49.81858063,51.38278961,52.4429512,54.05913162,57.48065186,59.42253113,61.1946907,68.64990234,76.50987244,72.86798859,73.67980957,72.44243622,75.57666779,73.08837128,75.3157196,
British Virgin Islands,VGB,,,,,,,,,,,,,,,,,,,,,,,,,,,,,,,,,76.96077728,75.69194031,78.27626801,73.24913788,72.8794632,,,73.33332825,,86.33602905,,,88.65672302,84.53202057,
Virgin Islands (U.S.),VIR,,,,,,,,,,,,,,,,,,,,,,,,,,,,,,,,,,,,,,,,,,,,,,,
Vietnam,VNM,,,,,,,,20.37266922,24.29080009,25.52042007,33.9467392,33.94044113,32.24802017,30.81682968,,33.49808121,34.4417305,33.11769104,36.02235031,34.37459946,31.41106033,28.54474068,27.45931053,27.6193409,29.83720016,33.01696014,34.70227814,37.66807175,39.23830032,40.07197189,40.50854874,41.99885178,44.99386978,49.23093033,53.96281052,59.40100861,65.21475983,67.54324341,67.75708771,68.84620667,70.75312042,73.97415161,78.25652313,81.7485199,81.35447693,83.13181305,
Vanuatu,VUT,4.011459827,3.961430073,5.514039993,5.203269958,6.228409767,,10.94497013,12.50491047,12.42041016,,10.73624992,9.606760025,,,,,,,,,,,36.18954086,,,,,,78.4726181,77.08786011,,79.57971954,,,,114.2660675,118.5986786,96.87419891,99.94857788,93.86747742,93.60146332,,,97.46530151,,101.5335464,
World,WLD,16.13735962,15.89326,15.69882011,15.76354027,16.00395012,16.63101006,18.35573006,21.37319946,20.15518951,20.35716057,21.32554054,22.75078964,23.11389923,24.06394005,25.00970078,26.06565094,27.44104004,28.63698959,29.25663948,29.05801964,28.99719048,28.95558929,29.14464951,29.2235508,29.06817055,29.46784019,29.91012955,32.77423096,30.47436905,30.72756958,30.94972038,31.19676971,31.27997971,32.00259018,32.69591904,34.02355957,35.91566086,36.55200958,37.78536987,38.31298828,38.81121063,41.02145004,43.77630997,46.02281952,47.64762878,48.58377075,
Samoa,WSM,0.735230029,,,14.07693958,17.37561989,18.51745033,20.60659027,,,,,,,,,,,,,,,,12.83076,,,24.28852081,31.88596916,,52.73559189,49.51052094,52.13692093,52.64815903,,,,,,46.64765167,41.64720154,41.43394089,35.51288986,38.85918045,33.92493057,,36.87080002,40.78388977,
Kosovo,XKX,,,,,,,,,,,,,,,,,,,,,,,,,,,,,,,,,,,,,,,,,,,,,,,
"Yemen, Rep.",YEM,,,,,,,,,,,,,,,,,,,,,,0.717459977,0.70085001,,0.748380005,,0.651049972,,,0.665310025,,0.56904,,0.789319992,0.824500024,0.959819973,,,1.20077002,,1.249390006,1.436069965,,1.344679952,,,
South Africa,ZAF,,,,,,,,,,,,,,,,,,,,,,,,,28.09586906,,32.11532974,,24.1953907,20.14995956,31.0281105,34.56119919,30.24527931,32.47732925,36.09003067,40.96469879,44.37844086,49.52363968,56.25477982,65.20063782,74.29029846,73.28408051,77.65277863,76.1701889,77.36849213,,
Zambia,ZMB,,,,,,,,,,0.750909984,,,,,,,,,,,,,,,,,,,,,,,,,,,,,,,,,,,,,
Zimbabwe,ZWE,,,,,,,,,,,,,,,,,,,,,,,,,,33.94678879,,,56.06980133,,60.87477112,,56.15037918,62.26633835,,,,,,,,,41.38735962,42.44884109,,,
