Country.Name,Country.Code,2000,2001,2002,2003,2004,2005,2006,2007,2008,2009,2010,2011,2012,2013,2014,2015,2016
Aruba,ABW,96.48602295,97.9878006,100.5057297,99.09117126,97.25244141,95.92881775,97.35636902,102.5463562,94.64913177,96.72344208,95.82353973,97.01512146,111.1745224,,,,
Afghanistan,AFG,,13.04874039,,13.31707954,18.6647892,19.78370094,29.93045998,30.0831604,40.22338104,46.73276138,53.24682999,54.61618042,56.67734146,56.68865967,55.65615845,55.64440918,
Angola,AGO,13.77945042,15.57359028,16.8075695,,,,,,23.55459023,24.99245071,28.78130913,28.89871979,,,,,
Albania,ALB,71.45279694,72.905159,73.00286102,75.01898956,74.17028046,76.88706207,77.95588684,81.28086853,83.64891815,85.40930939,88.41163635,90.84835052,92.74147034,95.83157349,96.42608643,95.76548767,
Arab World,ARB,59.74517822,61.17179871,62.23492813,64.03777313,65.85385895,65.93100739,65.84793091,64.69815826,65.34229279,66.8289032,68.05088043,70.69149017,71.71656036,70.27468872,70.73504639,,
Argentina,ARG,96.52345276,97.46161652,96.5670929,95.75099182,95.49693298,94.00598907,93.34506989,93.70674896,95.24627686,98.83081818,101.8011169,103.599678,105.1925507,106.323143,106.7779007,,
Armenia,ARM,90.74996185,87.13641357,,,88.32073975,91.05856323,93.88583374,94.87297058,92.70561218,96.63288116,,,,,,88.50235748,
Antigua and Barbuda,ATG,77.87454224,,,,,,,102.6722565,110.8712387,108.5225067,106.2067184,106.1165466,105.3935089,,102.318222,102.7054596,
Australia,AUS,162.6100464,154.983963,154.3117218,156.1943512,149.9420624,148.3661041,127.3896179,126.3663788,128.0340576,130.3185425,132.4566956,134.2681122,136.8796234,137.5815125,137.5647888,,
Austria,AUT,98.84618378,99.10871124,99.16255951,99.62505341,99.67938232,100.5128021,100.4729919,99.80674744,99.48116302,99.68863678,98.86224365,98.19348907,97.7844162,98.93623352,99.29640198,100.0218887,
Burundi,BDI,,9.732150078,10.08815956,10.24190998,11.65470028,12.6990099,13.89468956,14.82828999,,19.76028061,22.8243103,25.51767921,27.89779091,32.27848816,37.88898087,42.48006821,
Belgium,BEL,144.6747131,153.7839966,155.8604431,158.9875641,107.9164963,108.354248,108.5035782,107.8707199,106.4128265,105.6959534,105.785881,106.4811325,106.3094635,163.1010132,164.8117371,166.8084717,
Benin,BEN,21.60569954,23.37586975,25.2930603,26.58069038,28.34750938,,,,,,,47.68149948,,54.16606903,54.36360168,56.81195831,
Burkina Faso,BFA,10.42230988,10.63871956,,12.07676029,13.25294971,14.30029964,15.04074955,16.16432953,18.90863991,20.28685951,21.9022007,23.84520912,25.94083977,28.36573029,30.33526993,33.66666031,
Bangladesh,BGD,48.10972977,49.36426163,50.50608063,50.27811813,46.83729935,45.51678848,46.09809113,46.87096024,44.88645172,48.5376091,50.1194191,50.86354065,53.53205109,58.30926132,,63.5245285,
Bulgaria,BGR,92.56424713,93.57994843,95.28423309,86.89547729,89.40084076,90.45072174,91.37149048,91.69474792,90.61116028,89.52445984,90.4246521,93.18286133,93.17964172,98.87831879,100.8792877,99.01634979,
Bahrain,BHR,97.56790924,97.9642334,94.29730225,94.26097107,95.36969757,96.19618988,96.39595032,,91.79772186,91.99108124,92.85996246,95.29779816,91.65280151,96.63128662,98.8924408,102.1308975,
"Bahamas, The",BHS,,,91.63223267,,86.37851715,89.29486084,91.60131836,95.0630722,94.44566345,92.98174286,92.63368225,,,,,,
Belarus,BLR,,,,,,,,,110.7637863,109.5285568,107.057869,106.3080826,107.0048676,106.2280121,107.0317993,107.1194229,
Belize,BLZ,67.97437286,70.59146881,,76.95279694,78.28896332,76.51870728,76.72532654,75.36786652,74.84187317,74.43972015,75.35978699,76.0342865,78.38365173,80.16304016,79.8772583,80.79221344,
Bermuda,BMU,,79.17460632,78.07422638,79.03663635,81.29654694,80.88435364,77.64221191,,,,78.72415924,77.14286041,75.28070068,74.24861908,72.62242889,71.5424118,
Bolivia,BOL,71.07254791,74.49369049,79.62873077,82.71611786,85.81304932,86.99143982,86.39241028,86.06282806,85.57865906,84.04277039,83.13421631,82.31812286,82.88289642,84.67449951,85.37963104,86.40506744,
Brazil,BRA,,,109.9942169,101.8686676,102.3710327,101.2919922,,95.16999817,96.72012329,96.66548157,,95.26338196,95.5837326,101.8680725,101.9508972,99.65097046,
Barbados,BRB,103.6189728,103.5122528,104.3391266,105.4573822,107.7444534,108.5500031,105.8844376,105.4160309,104.4959412,103.2271423,101.9024734,103.6086273,,,109.2475662,,
Brunei Darussalam,BRN,86.22260284,86.54530334,87.94835663,89.71530914,94.05977631,97.63583374,98.53338623,96.69738007,96.6082077,98.49552155,99.24432373,101.0813675,105.7116928,104.3462524,99.11621094,96.07946777,
Bhutan,BTN,30.45229912,33.55886078,,,,45.72122955,48.66495132,52.87797165,56.47541046,61.75310898,66.11238861,69.51437378,73.63176727,77.23709869,84.19769287,,
Botswana,BWA,75.21376038,74.75813293,75.65077209,76.29318237,77.8344574,78.52548981,80.53336334,81.37175751,76.86157227,,,,,,,,
Central African Republic,CAF,,11.80955982,11.87139034,,,,,,,13.70928001,,17.74710083,17.3780098,,,,
Canada,CAN,101.5200882,,,,,101.0568466,101.4251099,101.6776123,102.1968536,102.663208,102.3972778,103.4113312,110.267601,109.9315491,,,
Central Europe and the Baltics,CEB,91.24697113,93.03946686,94.86100769,95.57834625,92.60231018,93.9230423,94.1570816,95.02900696,96.10270691,96.41728973,97.36734009,97.91619873,98.0995636,103.6089935,103.0322266,,
Switzerland,CHE,95.41233826,95.10865784,93.46543121,93.52377319,94.15007782,95.18182373,95.75375366,95.62727356,95.60733032,95.33744812,95.86147308,96.1876297,96.22566223,98.60829926,99.76940918,101.2139664,
Chile,CHL,87.10047913,,90.64209747,93.45079041,95.37113953,97.6583786,98.3335495,97.66158295,97.04611206,94.21282959,94.57370758,93.78813171,91.46588898,100.4576721,100.4045486,100.6461868,
China,CHN,61.02743912,60.90147018,60.79652023,62.26667023,,,68.44516754,72.58003998,76.69760895,80.60784912,84.92115784,89.07794189,92.14324951,96.24175262,94.3320694,94.29920959,
Cote d'Ivoire,CIV,,,,,,,,,,,,,,,40.13216019,43.86772919,
Cameroon,CMR,27.29512024,32.04550171,27.88825035,29.41011047,26.17791939,26.64418983,23.16983032,31.76378059,35.94419098,39.63644028,,47.2656517,50.46743011,52.30213165,56.43072891,58.07812881,
"Congo, Dem. Rep.",COD,,,,,,,,35.06579971,37.7469902,39.67306137,39.36796188,41.37886047,41.28369904,40.99367142,43.50521088,,
"Congo, Rep.",COG,,,39.06435013,40.4610405,45.89337921,,,,,,,,54.54338074,,,,
Colombia,COL,69.93157959,,72.66848755,,78.73001099,83.40794373,87.77696228,91.60233307,93.97065735,99.23593903,102.0206223,103.8726501,99.85002899,100.3377304,98.76190948,98.09185791,
Comoros,COM,,,35.62646866,39.42721939,43.39022064,,,,,,,,,59.33229065,60.35041046,,
Cabo Verde,CPV,67.29828644,64.25710297,66.5941391,66.71695709,65.70594788,68.69293976,80.02838135,80.1696167,83.09976196,83.26802063,86.4719696,89.53450012,91.48712921,94.24517059,92.57946777,92.89842987,
Costa Rica,CRI,63.96944046,69.28295135,70.7593689,,82.49919128,84.36382294,91.00605011,92.07305908,93.14224243,99.64572144,102.1853104,104.5628891,107.9509583,114.6366196,120.3266525,123.0857315,
Caribbean small states,CSS,84.58831024,85.8739624,85.98745728,85.8223114,88.03809357,87.83151245,88.87069702,89.67887878,90.40592957,90.56217194,90.04592896,91.00167084,85.31842804,79.58516693,79.32602692,,
Cuba,CUB,83.40912628,85.33818817,89.10328674,92.00183105,91.18701935,92.64378357,94.0296936,93.92165375,93.32927704,91.5825119,91.88926697,92.44313049,91.93125916,93.29467773,99.66513062,100.3998718,
Curacao,CUW,,,,,,,,,,,,,,88.34554291,,,
Cyprus,CYP,93.37213898,93.44506073,96.91520691,98.424263,97.71511841,96.54328156,96.59815216,97.77915192,98.32904053,98.38755798,91.44080353,92.82562256,95.29985046,98.31169128,99.41673279,99.77831268,
Czech Republic,CZE,88.465271,94.94851685,95.6342392,96.61810303,95.57145691,95.80693817,96.18123627,95.09642792,94.29654694,94.01081085,94.8289032,95.98412323,97.08306885,104.3797607,105.1258469,105.5617294,
Germany,DEU,99.84454346,100.6418304,101.6411896,102.0321426,102.3894577,102.5061035,103.1978989,102.510788,103.5865936,103.3261795,103.9837036,103.6433105,102.8838806,102.4776993,102.429863,102.6653976,
Djibouti,DJI,14.05749035,16.03000069,16.7560997,,20.22442055,22.48245049,22.30764008,25.78524017,30.64455032,33.4876709,,39.36888885,43.06343079,45.05786133,46.35290909,47.06901932,48.26956177
Dominica,DMA,105.6606522,107.1572266,110.3427963,114.2772598,109.7460709,107.3520966,104.399437,102.8881912,100.5641174,100.6277008,96.93409729,96.729599,,,,100.4878922,
Denmark,DNK,127.0542984,131.0371094,126.3215332,126.4657669,123.6582489,124.1809235,120.0791016,118.8251038,117.8997574,118.0346375,119.5693893,122.8011932,123.6825104,129.7790833,129.8680267,130.8247375,
Dominican Republic,DOM,59.03738022,,67.1963501,,68.19978333,69.74497986,,78.08254242,76.7469635,78.57840729,76.01545715,75.62783051,76.38874054,77.59657288,78.35604095,77.82071686,
Algeria,DZA,64.72483063,68.4109726,71.5598526,73.75566101,77.21340179,78.78222656,79.7915802,70.28121185,76.75585175,93.07003021,97.17192078,99.86019135,,,,,
East Asia & Pacific (excluding high income),EAP,59.66810989,59.79143143,60.30263138,61.97980881,63.67501831,64.82160187,66.94109344,70.84326172,73.53475952,76.7915802,79.81958771,82.78955078,84.82196808,87.49381256,86.46098328,,
Early-demographic dividend,EAR,50.80086899,51.65507126,53.30513,55.0185318,56.22140884,57.30382156,58.65671921,60.64656067,62.17961884,62.6373291,64.87670898,67.16374969,69.00302124,69.97885132,70.37068176,,
East Asia & Pacific,EAS,62.96728897,62.83182907,63.14490891,64.61106873,66.10997772,67.22396851,69.1570282,72.90480804,75.50861359,78.6416626,81.50263214,84.32813263,86.33956146,88.86734772,87.93482208,,
Europe & Central Asia (excluding high income),ECA,87.43932343,89.64295197,90.97454071,91.82260132,89.0821228,86.89846802,88.06999207,89.24423218,89.32610321,88.2203064,90.31954193,92.28066254,92.93562317,97.68572235,98.39228821,,
Europe & Central Asia,ECS,94.56568146,96.275383,97.45227814,98.18527985,95.6700592,95.24150085,95.59121704,96.16500854,96.50702667,96.04889679,97.85806274,98.52926636,98.92729187,105.3519516,105.9635162,,
Ecuador,ECU,57.84692001,58.0689888,59.01779175,58.56803894,59.22438812,61.87860107,64.19695282,65.91542053,,,88.73893738,92.84921265,97.69551086,101.3936996,104.4767914,107.7006912,107.223259
"Egypt, Arab Rep.",EGY,80.51473236,81.65100098,81.06118011,80.98999786,80.79295349,,,,,68.79331207,71.50567627,81.67791748,83.63410187,85.72505951,86.10231781,,
Euro area,EMU,103.1263199,104.4018021,105.3651276,105.982933,104.1694183,105.7818222,106.07724,106.01297,106.535408,106.6257095,107.9231415,108.5455093,108.7402267,111.4883881,111.4196625,,
Eritrea,ERI,23.0205307,23.27882957,24.26207924,25.05005074,25.69714928,28.46809959,29.92034912,29.02909088,30.87355995,33.02542114,34.10422897,35.3205986,36.54611969,35.51931,34.75437164,30.54986,
Spain,ESP,110.2685089,111.8033981,111.8963699,112.2328186,113.9574738,117.5131378,117.5426712,117.5055389,117.6678009,118.3946381,124.3840637,128.5921631,131.0341644,131.0860443,130.1646576,129.8104858,
Estonia,EST,93.8263092,94.95307159,97.6813736,97.66770172,100.085289,102.7899323,103.1119003,103.2343292,102.2669373,102.7461014,105.2962418,107.3662872,107.5298462,108.5829391,110.4064789,115.1782227,
Ethiopia,ETH,13.50220013,16.38871002,18.60766983,19.49935913,21.91142082,24.75036049,28.83949089,31.98987007,33.20386887,33.4888916,34.80821991,36.04822922,37.70338821,,,35.17324829,
European Union,EUU,101.1093369,102.310257,103.3810806,103.7268372,101.641243,103.1357498,102.5145493,102.5453873,103.2873535,103.6776581,105.0839005,104.4131012,104.4581604,112.4467926,112.7937393,,
Fragile and conflict affected situations,FCS,32.36122894,32.94244003,33.84418106,35.66672134,37.53720856,38.33555984,39.75096893,40.26074982,42.1687088,43.5346489,44.49208069,45.37466049,46.18156815,44.98086929,45.53680038,,
Finland,FIN,124.7591782,127.3150101,128.9834747,131.7436981,110.912468,111.971077,111.6135483,110.3290863,108.7442703,107.4237976,107.2725906,107.4782181,107.4859009,143.2185669,145.4836884,149.4560852,
Fiji,FJI,78.34345245,79.06707764,82.34590149,86.04210663,90.84942627,,91.00837708,89.15940094,87.86987305,86.8852005,,90.92162323,88.66825104,,,,
France,FRA,108.7775497,107.8806763,107.7098999,108.1762238,107.9212036,112.273819,112.0745468,111.8373489,111.6255569,111.1785202,111.3268967,111.2224121,111.6653214,110.9406509,110.6440125,,
"Micronesia, Fed. Sts.",FSM,,,,,82.5146637,83.21533203,,,,,,,,,,,
Gabon,GAB,,52.47724152,53.30363846,,,,,,,,,,,,,,
United Kingdom,GBR,101.9333801,101.8126221,102.7519073,102.0717697,104.6334305,105.3872833,98.29450989,96.93357849,97.78372955,99.3622818,101.9088593,92.84832764,91.3931427,124.425972,127.8112869,,
Georgia,GEO,78.88179016,79.68182373,80.66030121,82.12241364,78.90624237,81.65640259,83.4852066,89.88330078,90.65106201,88.10632324,,,,97.69384766,99.43003845,103.6816177,
Ghana,GHA,35.65568161,33.96942139,35.34386826,36.65528107,39.18606949,41.06443024,42.54098892,46.33615112,48.35065842,49.81917191,,57.08298874,58.35628891,61.08369827,57.9407692,61.41250992,62.1050415
Guinea,GIN,,17.8593502,20.53257942,22.2585392,24.53689003,29.19433022,32.69443893,,34.08150864,,,37.64012909,37.61923981,,38.82326889,,
"Gambia, The",GMB,,,,,,,,,57.84135818,58.83488846,57.45183182,,,,,,
Guinea-Bissau,GNB,17.18758011,,,,,30.53257942,32.64117813,,,,,,,,,,
Equatorial Guinea,GNQ,30.56900978,26.9594593,26.71907997,,,27.37130928,,,,,,,,,,,
Greece,GRC,89.93728638,93.55560303,98.01811218,95.08769989,95.03827667,99.64308929,99.2351532,96.9108429,,,104.9792633,103.0015106,105.1684494,108.1978302,106.4993591,,
Grenada,GRD,,,108.0513916,111.2025681,103.5475998,97.79457855,,110.884697,110.1404495,100.7857513,107.7990265,,,101.139801,100.8493881,99.17962646,
Guatemala,GTM,36.16366959,39.00278091,42.8053894,,47.26435089,49.75881958,52.00337982,54.10194016,55.12557983,57.3280983,63.14287186,63.7431488,64.07070923,64.15612793,63.53115845,65.62670135,
Guyana,GUY,,102.1673813,,94.53766632,,96.86823273,,88.32749939,87.00611877,88.05554199,88.64228058,92.48394012,89.33683777,,,,
High income,HIC,99.33222961,99.95388794,100.1536484,100.8377838,99.86563873,100.7627029,100.1709671,100.3146896,100.5491562,100.6300507,100.9379425,100.8787766,101.4388428,105.6371384,106.3484802,106.6345596,
"Hong Kong SAR, China",HKG,,77.06687927,76.89452362,77.31925201,78.99212646,80.40236664,80.90341949,82.9851532,84.69458771,86.16648102,88.0195694,87.21755981,107.2292633,101.0338211,100.6335983,100.8419037,
Honduras,HND,,,,,,,61.16965103,63.63008881,64.19106293,,72.63659668,73.0977478,72.51013947,70.6631012,68.38008881,70.77558899,
Heavily indebted poor countries (HIPC),HPC,21.95677948,23.00101089,24.08069992,25.0528698,26.39365959,27.77869034,29.51139069,31.29643059,33.4192009,35.22211075,36.74568176,37.76868057,38.67235947,39.16217041,39.86618042,,
Croatia,HRV,85.52747345,85.76460266,86.85450745,88.31845093,,93.14652252,94.93402863,96.90339661,98.96221161,100.6282883,100.713913,99.88217163,99.76705933,100.0900269,98.99999237,98.21647644,
Hungary,HUN,96.18340302,98.50523376,100.142189,102.2434464,95.93939209,96.1855011,95.90943146,96.07066345,96.61284637,97.8855896,99.93418121,100.770668,101.8602295,108.1988602,106.9843597,105.2037735,
IBRD only,IBD,62.40842056,62.70901871,63.6554985,64.85482788,65.96856689,67.10089874,68.34053802,70.68517303,72.96685791,74.09658813,76.81329346,79.35343933,81.18118286,82.76820374,82.45755768,,
IDA & IBRD total,IBT,54.91558838,55.38293076,56.33766174,57.38132095,58.38734055,59.23332977,60.39028168,62.15008926,63.94279861,64.99063873,67.09732819,68.85379791,70.2065506,71.39096069,71.16118622,,
IDA total,IDA,33.69208145,34.65710068,35.66350937,36.41329956,37.38621902,37.94355011,39.43807983,40.35303116,41.6600914,43.18267059,44.66579819,45.40216064,46.3633194,47.26234055,47.77656937,,
IDA blend,IDB,39.1702919,40.02856827,40.56533051,41.2808609,42.76753998,43.04465866,44.78952026,45.40700912,46.49441147,47.69112015,49.30361176,49.7469101,50.34777832,50.86735153,51.54893875,,
Indonesia,IDN,55.0976181,55.55807114,57.18510056,60.16173172,61.86944962,60.13283157,62.58937836,70.55848694,69.72920227,74.73399353,76.54019165,79.21021271,80.4074173,82.48970795,82.46869659,85.84207916,
IDA only,IDX,30.23055077,31.26864052,32.57674026,33.36352921,34.03841019,34.76913834,36.14154053,37.27819824,38.76453018,40.52922058,41.99908829,42.96126175,44.1688385,45.31393051,45.76176834,,
India,IND,45.06362152,45.34122849,47.26625824,49.82318115,51.57170105,54.17274094,55.0823288,57.47719955,60.55574036,59.79393005,63.29093933,66.42167664,69.16414642,68.89720917,74.2754364,73.96920013,
Ireland,IRL,99.43411255,98.84488678,100.9414673,104.0160065,107.5325775,109.5394897,110.6882172,112.8895111,114.9061584,118.9197769,123.4626083,122.0931396,126.0933304,,127.2033005,127.4819183,
"Iran, Islamic Rep.",IRN,78.58412933,77.93213654,77.68005371,76.78079224,76.30233002,75.84529114,77.37796021,77.51429749,81.00769806,82.83158112,81.95504761,85.11794281,87.64283752,86.62177277,88.4066391,89.16723633,
Iraq,IRQ,37.46913147,37.56386185,,42.18260956,47.61510849,,,53.45965958,,,,,,,,,
Iceland,ISL,107.4035721,107.5196304,111.754097,115.1211624,108.1706924,109.1126404,109.3971863,108.8718872,109.0708389,107.9430008,109.289772,108.5537262,111.1702576,118.5564117,,,
Israel,ISR,103.0032196,103.9625015,106.0304337,105.4233322,104.5067978,104.7361221,104.8875427,104.2685165,102.8816223,101.9916916,102.0558395,101.6979904,101.0639877,101.5317612,101.8636475,102.4788132,
Italy,ITA,92.48458099,95.38363647,97.28629303,98.18097687,98.03749084,98.28961182,99.02320099,99.627388,100.3623886,100.7180862,102.2126999,102.6674881,101.6773911,102.3979874,102.624939,102.9024582,
Jamaica,JAM,86.37068939,85.53125,85.53404236,85.58383179,90.86612701,90.57089233,,93.27897644,94.55445862,95.56256104,92.82521057,92.71890259,,83.28907013,83.0246582,82.10732269,
Jordan,JOR,86.02574921,,89.80980682,90.86073303,90.72077942,91.01516724,92.58789063,93.07588196,93.95909882,,88.51937103,86.59844208,84.29428864,82.63047791,82.44554138,,
Japan,JPN,101.8340988,102.5308609,102.6753464,101.9482422,101.2452698,100.9985275,100.9808121,100.4190903,100.6429672,100.92659,101.6094971,101.7654266,101.8072586,101.9199829,101.7456131,,
Kazakhstan,KAZ,93.39524841,,,,,,99.37904358,,,,97.73449707,99.08995819,101.2945709,101.8687668,105.4827194,109.1081009,112.0078125
Kenya,KEN,39.31182861,40.35633087,40.99544907,43.13816071,47.18852997,47.8987999,50.09878922,52.67341995,59.40621185,60.43181992,,,,,,,
Kyrgyz Republic,KGZ,84.36998749,85.41761017,84.55767822,89.57511902,88.02426147,86.2731781,86.07324219,85.67687988,,85.98184204,86.59747314,86.47207642,87.40943146,88.33309937,90.78166962,92.05046844,
Cambodia,KHM,17.23127937,18.86819077,22.84939957,27.40468979,31.2058506,,39.59194946,42.53393936,45.05133057,,,,,,,,
Kiribati,KIR,63.54838943,77.54058838,82.51357269,88.40860748,88.95459747,89.04173279,87.96795654,88.1139679,87.13609314,,,,,,,,
St. Kitts and Nevis,KNA,105.2074127,95.33039856,91.97396851,88.33799744,84.53540802,86.9536438,,104.6517029,102.1850281,98.61431885,97.51074982,94.48108673,78.80283356,101.2037964,91.51831818,90.3914566,
"Korea, Rep.",KOR,98.39324951,95.18718719,91.86683655,90.00785828,90.40310669,93.22036743,97.30124664,99.40522003,99.18411255,98.36805725,96.07978821,95.7359314,96.1991806,97.73029327,98.45323181,98.88208771,
Kuwait,KWT,98.72479248,98.75341034,,102.4780807,105.0463715,110.4597702,104.7308502,100.4526291,95.48518372,93.37654877,93.50528717,93.3080368,92.52203369,92.54782867,93.60362244,94.97264862,
Latin America & Caribbean (excluding high income),LAC,85.20478821,85.93755341,87.1634903,84.90882111,86.15647125,86.52197266,86.47754669,86.21691895,87.55303192,88.40270233,89.74980164,89.21559143,89.6500473,93.41908264,94.02172089,,
Lao PDR,LAO,34.21492004,36.06710815,38.77561951,41.48044968,43.24050903,43.58848953,42.69124985,43.01335144,43.59355927,44.70475006,46.12401962,44.89794159,47.8338089,51.73796082,57.23596954,61.69723892,
Lebanon,LBN,92.74903107,89.41561127,89.21914673,87.70152283,84.50823212,80.48947144,77.29258728,76.45532227,76.17642975,77.38381958,75.30477905,76.13276672,71.03967285,68.20027161,61.66709137,61.20574951,
Liberia,LBR,35.2045517,,,,,,,,,,,45.15679169,,,37.87348175,37.29980087,
Libya,LBY,,,108.2674713,104.9466095,,94.85523224,101.5634918,,,,,,,,,,
St. Lucia,LCA,73.98441315,74.23941803,73.63768005,74.60363007,73.74027252,77.76380157,82.30950165,88.04277802,93.71488953,95.4548111,95.2089386,94.63983154,91.10656738,88.38510895,86.4571991,85.14270782,
Latin America & Caribbean,LCN,85.31316376,86.08261871,87.33130646,85.24880219,86.48420715,86.86647034,86.83731079,86.52890015,87.77895355,88.53817749,89.83325195,89.28064728,89.65847778,93.51609802,94.09674835,,
Least developed countries: UN classification,LDC,27.85943985,28.95149994,30.26322937,30.89938927,31.37421036,32.0882988,33.45177078,34.51824188,35.82395172,37.68399811,39.21401978,40.16769028,41.3637085,42.54317856,42.93035126,,
Low income,LIC,22.59601974,23.68465996,24.86128044,25.60079956,27.04009056,28.54380035,30.34712982,31.5323391,33.70378876,35.04346085,36.72657013,38.02231979,39.00495911,39.11128998,39.25593185,39.30884933,
Liechtenstein,LIE,,,,111.6638107,110.7614212,,107.0110703,106.3422775,107.5661163,105.6844864,108.8792801,111.4565735,110.3738632,,115.5578308,116.1234436,
Sri Lanka,LKA,,,,,,,,,,,96.93235779,99.11958313,99.64743805,99.72451019,,,
Lower middle income,LMC,46.84365845,47.41553879,48.87239075,50.78419113,52.08776093,53.08475113,54.08882141,56.01807022,57.61027145,58.15459061,60.56135941,62.76477814,64.81925201,65.7060318,67.8562088,68.3248291,
Lesotho,LSO,32.44839859,34.31533051,35.32165146,35.88330078,37.94755936,39.58760071,39.83985138,41.83924866,43.7986412,46.87171173,50.4023819,52.01945114,53.27928925,51.72816086,52.17121124,53.77215958,
Late-demographic dividend,LTE,71.46269226,71.01194763,70.84583282,71.01461792,71.87158966,72.99636841,74.58743286,77.1848526,80.10883331,82.77488708,85.89974213,88.47418213,90.42312622,93.84686279,93.09906006,,
Lithuania,LTU,98.09205627,100.8194885,104.654541,107.3918991,104.7225571,104.1668625,102.499649,101.681839,101.0619125,100.459137,100.9639893,101.1278381,101.4784622,105.4118271,106.8218307,108.2596512,
Luxembourg,LUX,97.0613327,97.23114014,96.25041962,96.10231018,95.45861053,95.3651886,95.90805054,96.72429657,97.51921082,,101.3461685,101.0177307,100.2265701,102.4155884,102.2624588,,
Latvia,LVA,91.09111786,93.39920807,96.20777893,97.8864212,101.1243134,104.0452805,104.2152786,105.8138275,105.5376892,98.11607361,98.34375,98.66374207,98.78890991,110.4813766,115.3598022,119.4924469,
"Macao SAR, China",MAC,82.73757172,86.23339081,91.22628021,96.62650299,102.800499,105.1823883,107.2224274,102.9728622,94.22173309,92.26293945,93.79171753,96.80641174,96.42645264,95.94670868,96.06497192,96.47918701,
Morocco,MAR,38.44923019,40.20542145,42.54951859,44.75016022,48.05408096,49.83874893,52.59931183,55.57926941,57.67380142,60.44446182,62.69213867,65.74992371,69.06295013,,,,
Moldova,MDA,81.59142303,81.46826172,83.44441223,85.07274628,86.88433838,88.06252289,89.32212067,88.5539093,88.23475647,88.59664154,87.98113251,87.71936798,88.19586945,88.33605194,87.32076263,86.10812378,
Madagascar,MDG,,,,,,21.14827919,23.89172935,26.47830963,29.04219055,30.38512039,,36.59524155,38.02759171,,38.43492889,,
Maldives,MDV,51.27350998,61.42076111,62.19046021,69.42807007,69.81939697,,,,,,,,,,,,
Middle East & North Africa,MEA,68.47559357,69.46923065,70.29911041,71.33004761,72.54031372,72.55328369,73.01042175,72.02639771,73.27387238,74.70194244,75.70313263,79.22405243,80.34433746,78.44956207,79.41493225,,
Mexico,MEX,69.91108704,71.46404266,73.81748962,77.30062866,78.55181122,79.23291016,80.90894318,81.81571198,83.25813293,82.57071686,83.1858902,83.52262878,85.09175873,87.0373764,90.54969025,,
Marshall Islands,MHL,,,73.00621033,71.25601196,77.61550903,75.68344879,83.98248291,93.11480713,100.7142868,102.8925629,,,,,,76.61187744,
Middle income,MIC,57.77642822,58.21923065,59.17113113,60.27972031,61.37953949,62.23339081,63.4234314,65.36853027,67.2485733,68.39575195,70.73664856,72.7770462,74.44698334,76.17312622,77.63748932,77.75965881,
"Macedonia, FYR",MKD,82.86734009,83.49443054,83.15183258,84.25034332,84.39498901,84.88421631,,84.71354675,83.85803223,82.99970245,83.50296021,,82.03431702,79.71652222,78.57904816,79.2940979,
Mali,MLI,17.29711914,,,21.90996933,23.74901962,25.55252075,27.38697052,29.93597984,33.30580139,36.19911957,38.77257919,40.6842308,,41.28958893,43.51115036,41.30747986,
Malta,MLT,89.7474823,90.59204102,91.19416046,93.45194244,104.9914932,102.4849319,98.61347198,100.2030106,100.1352005,,103.9873505,93.36018372,93.85488129,93.84349823,94.25666809,94.8015976,
Myanmar,MMR,36.30308151,37.39167023,39.22494888,39.98308182,43.20439148,44.30968094,46.29389954,46.25931168,48.58456039,47.96503067,48.14157104,,,,51.29608917,,
Middle East & North Africa (excluding high income),MNA,67.17807007,68.10311127,68.83338165,69.79805756,70.92057037,70.73236847,71.06886292,69.9171524,70.93216705,72.5374527,73.35137177,76.97685242,78.07157135,75.59855652,76.33917999,,
Montenegro,MNE,,,,92.92645264,93.40148163,94.45448303,95.55814362,96.67894745,96.76557922,98.71347046,100.7248535,92.45800018,91.38809204,,,90.34223175,
Mongolia,MNG,65.11853027,71.66780853,75.9817276,82.79044342,87.82218933,90.2901535,89.87297058,,,97.67401886,91.59255219,,,,,91.46233368,
Mozambique,MOZ,6.035200119,6.81867981,8.445119858,,10.76632023,13.0960598,15.2495203,17.78019905,19.80821037,22.32395935,24.16601944,24.8808403,24.41093063,32.67205811,32.08763123,32.43180847,
Mauritania,MRT,18.03800011,20.48736954,20.46401978,21.34313965,21.88731956,22.25227928,23.14455986,,18.82465935,20.13146019,20.32847977,22.38331032,26.62367058,29.36722946,29.9353199,30.5981102,
Mauritius,MUS,76.81693268,78.66573334,81.02567291,84.59304047,85.91015625,88.65556335,87.55458069,88.4417038,88.13017273,88.86618042,89.2469635,90.41113281,91.84191895,94.34220123,97.93816376,95.69615936,
Malawi,MWI,30.21600914,30.98308945,29.89747047,,27.44960022,27.28504944,29.14657974,28.87240028,31.21401978,31.83917999,33.05596161,34.18793106,34.44937897,37.60062027,39.49206924,43.39519119,
Malaysia,MYS,66.15923309,65.86480713,66.09436035,71.15991974,72.028862,68.71681976,67.99233246,66.22902679,66.13584137,65.57224274,66.88104248,66.5112381,69.60572815,69.74349213,77.74965668,77.57128143,
North America,NAC,93.94406891,94.6355896,94.02262115,95.57312775,96.0165329,96.16307068,95.95162964,96.5866394,96.54489136,96.07772827,95.03930664,95.44980621,96.33605957,97.1710434,98.65805817,,
Namibia,NAM,60.16957092,64.39743805,63.90956879,63.69435883,63.5796814,63.52931976,63.68593979,64.84255219,,,,,,,,,
Niger,NER,6.947899818,6.8334198,6.861999989,7.459980011,9.01072979,9.908220291,11.30753994,10.89764977,11.27569008,11.84691048,13.51844978,14.35081005,15.56877995,16.80738068,18.81945992,20.74982071,
Nigeria,NGA,24.45990944,26.86120033,29.42100906,,34.75204086,34.69911957,34.18740082,31.61383057,35.09796143,38.90451813,43.83671188,45.15108871,46.76082993,55.70421982,,,
Nicaragua,NIC,53.18893051,56.09111023,60.45423889,,65.44151306,68.79699707,70.16649628,73.974617,73.01683044,,74.18834686,,,,,,
Netherlands,NLD,124.1548004,124.6195297,122.3131485,122.210228,119.279892,119.330368,119.4944,120.5663605,121.6263809,121.7733231,123.1317596,129.0814972,130.1759033,132.1209106,132.3171082,135.4738007,
Norway,NOR,116.086853,113.8370209,112.4240112,113.5441818,115.4896698,113.8761673,114.0407715,113.6256714,112.7376022,111.6943283,113.2305527,112.9829102,110.7207184,113.0146179,112.5950012,112.9892426,
Nepal,NPL,36.02101898,39.26890182,43.88523102,45.1618309,,48.7493782,45.89955139,45.59577942,51.86695862,52.80334854,58.79362106,61.17984009,64.6816864,65.94230652,66.86894989,67.16985321,69.57147217
Nauru,NRU,47.11743927,44.66292191,42.92134857,48.71601105,38.95706177,47.24409103,63.62216949,53.5353508,62.86595154,,,,79.27851868,,82.63665771,,
New Zealand,NZL,110.6454773,111.6030121,115.9662933,118.6606064,116.4715576,120.1032715,118.2139587,119.041481,116.7389221,124.3335495,118.9516296,119.2098389,118.5700607,117.2234879,117.4900208,116.5915909,
OECD members,OED,94.82396698,96.20171356,96.91905212,97.99842072,96.99154663,97.56360626,97.50050354,97.81609344,97.99729919,96.99358368,97.57428741,97.77129364,97.940979,102.9195633,103.9430695,,
Oman,OMN,79.40733337,83.2175827,85.41290283,86.91087341,,88.53398132,88.39923096,91.09249878,94.98840332,101.110527,,101.8893967,99.64897919,97.88233185,,104.2332687,
Other small states,OSS,54.52864075,55.60820007,56.92049026,58.22525024,60.10454178,61.27244949,62.16659164,63.1852417,63.57545853,64.88037872,66.06552887,66.25566101,66.33927155,66.55152893,66.89286041,,
Pakistan,PAK,,,,22.85858917,25.27297974,26.50005913,32.24295044,34.70948029,35.17261887,35.26366043,35.84846115,36.71160126,38.28466034,39.82735825,41.63825989,44.52587128,
Panama,PAN,64.84706116,66.96450043,68.28462219,,67.95565796,68.21743011,67.99336243,68.23699951,69.05728149,70.18222046,71.34771729,70.85691071,85.64051056,75.49851227,75.55860138,,
Peru,PER,84.69557953,87.55471802,88.64472198,81.40193939,84.57910156,85.44731903,88.07086182,90.51895905,91.04756927,93.40123749,94.70002747,95.20703125,93.43105316,97.89766693,95.62184143,95.74452209,
Philippines,PHL,,74.68269348,79.13375854,81.21508789,83.2618103,82.84606934,81.23679352,81.24478912,82.02192688,84.25254059,,,,88.38892365,,,
Palau,PLW,,,,103.227272,98.78314209,98.63353729,100.7269821,95.73719025,,,,,,115.4696121,113.5977325,,95.74770355
Papua New Guinea,PNG,,,,,,,,,,,,,40.34632111,,,,
Poland,POL,99.24646759,100.3806915,102.3675232,104.1937332,96.25134277,98.47794342,97.93919373,97.6943512,97.18022156,96.6772995,96.73394012,96.98822784,97.44140625,108.7026215,108.1046829,,
Pre-demographic dividend,PRE,23.01297951,24.1821003,25.33226013,26.68837929,28.4401207,29.2573204,30.30661011,31.04298019,33.78614044,36.07527924,38.3544693,39.27294159,40.1539917,40.48656845,41.10237885,,
Puerto Rico,PRI,,,,,,,,,,85.23103333,82.97576141,78.31899261,79.36273956,80.8035965,81.28881836,,
"Korea, Dem. People¡¯s Rep.",PRK,,,,,,,,,,102.0554428,,,,,,93.39608765,
Portugal,PRT,104.8405914,105.8808136,107.401329,106.556778,95.14405823,98.02078247,98.58061218,102.0788193,103.8348389,106.0715637,106.9479523,106.8167801,108.9524689,119.7397308,116.395401,119.1351929,
Paraguay,PRY,62.10958099,66.22982025,68.07746124,65.93016815,67.08400726,66.91931152,66.35514832,66.24104309,67.18245697,67.48975372,68.32354736,70.39031982,76.5734787,,,,
West Bank and Gaza,PSE,78.29680634,80.09915924,82.17160797,84.79354095,88.50546265,89.6348877,90.80787659,90.30615997,88.77456665,87.5614624,85.63141632,83.87071991,83.09203339,82.53862,82.240448,82.99623108,
Pacific island small states,PSS,62.76987076,64.3141098,67.58460236,69.26664734,70.13095093,69.78044128,71.33413696,71.31787109,72.37944031,73.55272675,75.70336914,75.8065567,74.39240265,74.21452332,,,
Post-demographic dividend,PST,100.4860382,101.0831604,101.1595535,101.6671371,100.6598969,101.1933365,100.6457596,100.8055801,101.0349884,100.9930725,101.1660309,100.92836,101.597908,105.5333633,106.3963623,,
Qatar,QAT,91.3932724,88.28585815,91.48603058,97.62007904,100.9146271,99.099823,93.98251343,84.05661774,87.86013031,91.66931152,101.1461182,,,,83.8015976,91.17249298,
Romania,ROU,79.26947021,80.50287628,82.3555603,82.74935913,82.75074005,83.71562958,85.06382751,89.22930145,95.35108948,97.9438324,100.2386932,100.4196396,99.36213684,97.88781738,94.77507782,92.25221252,
Russian Federation,RUS,,,,91.52796173,85.34220886,82.94290161,82.74549866,83.04309845,83.27175903,84.95722961,,92.04779816,96.1664505,98.82531738,100.5862274,104.4831314,
Rwanda,RWA,10.65709019,10.84652996,11.56305027,12.85326958,14.51309013,15.98657036,18.0597496,20.66213989,22.66980934,27.20792961,32.76185989,36.33494186,38.39107132,40.15979004,39.11576843,36.68696976,
South Asia,SAS,43.06222916,43.32891846,44.85678101,46.65668869,47.96089172,49.92565918,51.41358185,53.54256821,55.95524979,55.88927078,58.92433929,61.49808121,64.08708954,64.57296753,64.79342651,,
Saudi Arabia,SAU,,,,,,86.16687012,,90.35365295,,95.67713165,,,,107.6828766,108.2878799,,
Sudan,SDN,,33.38243103,33.35490036,34.64471817,37.7845192,37.52534103,35.7197113,35.01927948,37.02524948,40.92256927,41.18059158,36.50569153,40.21192169,42.69845963,,,
Senegal,SEN,15.84729958,16.07868004,17.39681053,,20.00193977,22.0166893,23.71055984,,29.74367905,,35.59769821,40.06776047,,,,49.64675903,
Solomon Islands,SLB,20.51939011,24.54573059,31.66127014,,,30.3960495,35.00299072,35.69031143,,,48.63547134,47.88010025,48.43679047,,,,
Sierra Leone,SLE,,27.1355896,,,,,,,,,,44.32415009,49.16651154,43.4242897,,43.2502594,
El Salvador,SLV,58.49634171,60.13507843,63.06100845,65.95671082,69.2184906,68.53398132,68.24401855,68.35095215,68.16110229,69.74996948,72.02085114,74.83489227,77.14466858,81.29792786,81.1161499,79.42540741,
San Marino,SMR,,,,,,,,,,95.56855774,97.20950317,94.94786835,94.6519928,,,,
Somalia,SOM,,,,,,,,7.353040218,,,,,,,,,
Serbia,SRB,91.18826294,89.75031281,88.70987701,88.29438019,88.1681366,88.59040833,88.95658112,89.50074005,90.46381378,91.48445892,91.42762756,93.63105011,94.1696167,94.40921021,94.34441376,96.66960907,
Sub-Saharan Africa (excluding high income),SSA,26.32357979,27.58959961,28.70710945,29.82633018,31.35057068,32.30886078,33.36259842,34.3896904,36.43598938,38.27841187,40.20323181,41.05258942,41.79201126,42.19004059,42.74071884,,
South Sudan,SSD,,,,,,,,,,,,9.015330315,,,,9.517560005,
Sub-Saharan Africa,SSF,26.32933998,27.59481049,28.71191978,29.83128929,31.35514069,32.31380844,33.36719131,34.39397049,36.43967819,38.28179932,40.20616913,41.05546951,41.79502869,42.19234085,42.742939,,
Small states,SST,61.09370041,62.13516998,63.27684021,64.24685669,66.02649689,66.80718231,67.7218399,68.58692169,69.05918121,70.13848114,71.09818268,71.35552216,70.2607193,69.52863312,69.6917572,,
Sao Tome and Principe,STP,,,,37.48334885,40.10914993,43.1704216,,48.8039093,46.13800812,52.07474136,52.96369934,51.42362976,59.22914886,65.91419983,76.89806366,84.93818665,86.19448853
Suriname,SUR,,70.79649353,70.17722321,,,68.20285797,72.1287384,74.08482361,76.28450775,75.06954956,79.32949066,77.44944763,78.29338837,78.94824982,77.43170166,81.14267731,
Slovak Republic,SVK,85.87769318,86.32440948,88.27957153,90.46932983,92.99198151,93.7164917,93.10498047,92.67738342,92.03939819,91.98377991,92.64295959,93.13050842,93.36592102,91.81704712,91.92215729,92.46653748,
Slovenia,SVN,100.9327927,106.5929565,107.5047531,109.0224533,97.15493011,97.12325287,96.83547211,98.25644684,98.10134888,97.79403687,97.85897827,97.84590149,97.8559494,110.9479599,110.6707535,,
Sweden,SWE,151.9077454,147.6893463,143.9687958,137.0635986,103.3311996,104.1105194,103.6306915,102.6395111,101.5904617,99.69329071,98.19065857,96.91104126,98.03958893,128.4630432,132.9109344,140.4588318,
Swaziland,SWZ,41.98171997,41.83119965,42.11219025,41.41442871,44.75650024,46.62028885,50.33872986,53.98738098,,54.08877182,57.97357941,59.9112587,61.40618134,62.99311829,66.02809143,,
Seychelles,SYC,72.86808014,66.75550842,70.65727997,74.96775055,74.97174835,81.79544067,74.56233215,78.48693085,75.65267181,75.52359772,74.13150024,71.90659332,80.88999939,78.39479828,79.14945221,81.6024704,
Syrian Arab Republic,SYR,43.98995972,45.58895111,47.41436005,62.98358917,66.45336151,69.97216797,71.10704041,72.13780975,72.57158661,72.00054932,72.85700226,75.29689789,77.28964233,50.48921967,,,
Chad,TCD,10.77262974,12.50792027,13.40915012,14.79222965,15.19489002,15.67273998,16.09082031,18.54182053,20.99778938,23.0561409,22.65208054,23.12828064,22.40279007,,,,
East Asia & Pacific (IDA & IBRD countries),TEA,59.17805099,59.32509995,59.85702133,61.55823135,63.26998901,64.42089081,66.55004883,70.47933197,73.18695831,76.47071838,79.52639008,82.52693939,84.58029175,87.28321838,86.23194885,,
Europe & Central Asia (IDA & IBRD countries),TEC,88.3188324,90.41529846,91.78501892,92.70021057,89.61244202,87.77416229,88.83280182,89.91708374,89.9765625,88.920578,90.85881805,92.67394257,93.30294037,98.39685822,99.03053284,,
Togo,TGO,32.12369156,34.86473083,38.94120026,41.10475159,42.60636139,45.02996826,47.0067215,44.02508926,,,,54.70859146,,,,,
Thailand,THA,,62.79441071,64.54839325,,66.88921356,71.55975342,71.76229858,77.4421463,78.22380066,80.85282898,83.62145233,87.44396973,87.12412262,86.20558929,127.7326736,129.001709,
Tajikistan,TJK,73.20059204,74.8132019,77.24015045,79.60147858,80.33122253,80.4129715,81.40094757,82.45760345,83.20245361,83.67929077,84.43119049,85.60907745,86.80610657,87.89465332,,,
Turkmenistan,TKM,,,,,,,,,,,,,,,85.34142303,,
Latin America & the Caribbean (IDA & IBRD countries),TLA,85.33531189,86.09098816,87.30705261,85.13333893,86.41095734,86.77870941,86.7301712,86.41797638,87.7064209,88.50720215,89.83666992,89.2904892,89.67407227,93.57817841,94.08927917,,
Timor-Leste,TLS,,37.0331192,43.30472946,46.44285965,55.06486893,53.55176926,,,50.84947968,61.85818863,67.45552063,70.63642883,71.81704712,70.77572632,73.07430267,76.76470947,
Middle East & North Africa (IDA & IBRD countries),TMN,67.02049255,67.92764282,68.6319809,69.5684967,70.64173126,70.42153168,70.73068237,69.5583725,70.60475922,72.25010681,73.10832214,76.8364563,77.96701813,75.44759369,76.20593262,,
Tonga,TON,106.5121689,106.1781311,110.8937302,119.9283905,105.5990372,,101.5149307,104.9147263,104.231369,103.8714676,104.1587372,104.5697403,91.14111328,90.64256287,90.09937286,,
South Asia (IDA & IBRD),TSA,43.06222916,43.32891846,44.85678101,46.65668869,47.96089172,49.92565918,51.41358185,53.54256821,55.95524979,55.88927078,58.92433929,61.49808121,64.08708954,64.57296753,64.79342651,,
Sub-Saharan Africa (IDA & IBRD countries),TSS,26.32933998,27.59481049,28.71191978,29.83128929,31.35514069,32.31380844,33.36719131,34.39397049,36.43967819,38.28179932,40.20616913,41.05546951,41.79502869,42.19234085,42.742939,,
Trinidad and Tobago,TTO,,,,,85.51154327,,,,,,,,,,,,
Tunisia,TUN,74.63600922,76.59661865,78.04818726,77.54763794,81.64904785,84.80422211,86.9571228,90.66783142,92.50601959,90.78479004,90.42878723,92.05757141,,90.14177704,87.63240814,88.20406342,
Turkey,TUR,72.72325897,82.86296844,87.4383316,89.33309174,86.23548126,83.42687225,87.45043182,89.95084381,88.28604889,79.88903809,84.20423126,88.30725861,85.10723877,100.2779388,102.5412369,102.4887619,
Tuvalu,TUV,,70.37036896,,,,,,,,,,,,,80.76663971,86.1631012,
Tanzania,TZA,,,,,,,,,,,31.14370918,,34.24489975,32.25608063,,,
Uganda,UGA,,,,,19.37401962,,,24.51641083,,,,,,,,23.23653984,
Ukraine,UKR,103.8035583,105.4156494,106.1700668,106.682991,102.2942505,96.99604034,97.67862701,97.06345367,96.05104828,94.93582153,95.09127045,93.24954224,97.10629272,98.3499527,99.23693848,,
Upper middle income,UMC,71.38279724,71.4464035,71.57830048,71.69463348,72.57849884,73.48213959,75.24813843,77.66783142,80.47106171,82.97477722,85.86842346,88.26165771,89.91280365,93.47692108,94.22823334,94.09165955,
Uruguay,URY,98.24417877,101.5856705,106.1133194,109.1308365,106.9759293,101.2155075,100.8120499,91.83188629,87.68624878,90.07377625,90.29585266,,,107.9673767,95.07186127,,
United States,USA,93.17204285,93.95050812,93.28764343,95.00524139,95.50248718,95.67317963,95.40374756,96.07393646,95.97541809,95.41825104,94.31130981,94.67604828,94.98032379,95.92958069,97.56468964,,
Uzbekistan,UZB,86.46730042,,,96.8782196,97.97679901,89.748909,90.39041138,92.47364807,91.96515656,94.03292084,94.89774323,95.41349792,97.25190735,96.59037781,96.33351898,95.6401825,95.92394257
St. Vincent and the Grenadines,VCT,82.50084686,84.59938049,87.64025116,86.28295135,94.30436707,89.4703064,,103.9785309,108.2682266,109.4752579,107.5287018,103.553833,100.9788666,102.9720612,104.6867065,106.4362564,
"Venezuela, RB",VEN,59.32582855,63.08152008,66.89511108,68.02864075,70.58162689,72.95439148,75.61009216,78.14586639,79.91281128,80.89369202,80.94776154,82.06468201,84.39414978,92.12467957,91.61128235,89.66400909,
British Virgin Islands,VGB,,,96.48697662,97.08679962,99.59159851,106.6893387,108.052948,103.2240677,,97.00299835,101.6024017,96.24624634,97.60359192,98.30930328,97.73732758,98.73355865,
Vanuatu,VUT,34.66286087,35.72502136,39.55475998,40.35055161,42.75561905,,,,,,59.53269958,,,,,54.81584167,
World,WLD,60.05509186,60.44395828,61.23078156,62.16466904,62.95592117,63.77941132,64.73458099,66.32566071,67.95053864,68.88536835,70.80513763,72.37658691,73.70622253,75.37905121,76.44637299,76.42307281,
Samoa,WSM,78.47190094,80.40664673,81.49819183,83.71569061,83.59658051,82.95329285,83.73960876,83.88574219,,86.12700653,87.65931702,86.37068176,85.71044922,,86.85121918,84.95603943,
"Yemen, Rep.",YEM,,46.0602417,,46.60960007,47.19998932,45.65373993,,,42.29629135,,43.37461853,45.43093109,46.2361412,48.62466049,,,
South Africa,ZAF,87.29351044,87.26644135,87.15126801,87.08110046,88.5013504,88.91317749,90.9766922,91.72299194,89.49575806,90.17227173,90.25351715,91.05531311,91.95773315,,98.81967163,,
Zimbabwe,ZWE,42.56227112,43.33892822,41.25246811,37.61875916,,,,,,,,,46.67317963,47.57019043,,,
